user_id,product_id,action,timestamp,query
1,2,view,2026-06-05T17:38:19.487328,
1,19,click,2026-06-05T17:47:19.487328,
1,18,click,2026-06-05T18:27:19.487328,
1,18,click,2026-06-05T18:44:19.487328,
1,18,click,2026-06-05T19:32:19.487328,
1,19,click,2026-06-05T20:03:19.487328,
1,18,add_to_cart,2026-06-05T20:54:19.487328,
1,19,view,2026-06-05T21:45:19.487328,
1,8,add_to_cart,2026-06-05T22:10:19.487328,
1,30,view,2026-06-05T22:47:19.487328,
1,1,view,2026-06-05T23:25:19.487328,
1,19,click,2026-06-05T23:51:19.487328,
1,19,view,2026-06-06T00:36:19.487328,
1,17,add_to_cart,2026-06-06T00:53:19.487328,
1,17,view,2026-06-06T01:06:19.487328,
1,7,search,2026-06-06T01:53:19.487328,sách hệ thống phân tán
1,8,click,2026-06-06T02:06:19.487328,
1,9,view,2026-06-06T02:33:19.487328,
1,1,view,2026-06-06T03:11:19.487328,
1,1,view,2026-06-06T04:03:19.487328,
1,7,view,2026-06-06T04:26:19.487328,
1,8,view,2026-06-06T05:14:19.487328,
1,18,click,2026-06-06T05:58:19.487328,
2,18,add_to_cart,2026-06-06T02:51:19.487328,
2,19,click,2026-06-06T03:02:19.487328,
2,2,view,2026-06-06T03:12:19.487328,
2,7,click,2026-06-06T03:42:19.487328,
2,4,click,2026-06-06T04:14:19.487328,
2,7,click,2026-06-06T04:17:19.487328,
2,19,view,2026-06-06T05:08:19.487328,
2,2,click,2026-06-06T05:29:19.487328,
2,18,view,2026-06-06T06:18:19.487328,
2,17,add_to_cart,2026-06-06T06:53:19.487328,
2,1,click,2026-06-06T07:28:19.487328,
2,7,click,2026-06-06T07:41:19.487328,
2,19,click,2026-06-06T07:44:19.487328,
2,18,add_to_cart,2026-06-06T08:10:19.487328,
2,8,search,2026-06-06T08:49:19.487328,sách lập trình dễ hiểu
2,2,click,2026-06-06T09:40:19.487328,
2,7,search,2026-06-06T10:13:19.487328,sách hệ thống phân tán
2,7,search,2026-06-06T10:43:19.487328,sách hệ thống phân tán
2,2,view,2026-06-06T11:30:19.487328,
2,8,view,2026-06-06T12:14:19.487328,
2,19,view,2026-06-06T12:24:19.487328,
2,19,click,2026-06-06T13:04:19.487328,
2,19,click,2026-06-06T13:11:19.487328,
2,8,add_to_cart,2026-06-06T13:16:19.487328,
2,7,click,2026-06-06T13:32:19.487328,
2,1,click,2026-06-06T14:11:19.487328,
2,8,view,2026-06-06T14:40:19.487328,
2,2,click,2026-06-06T15:05:19.487328,
3,31,click,2026-06-05T17:53:19.487328,
3,30,view,2026-06-05T18:11:19.487328,
3,31,view,2026-06-05T18:41:19.487328,
3,15,add_to_cart,2026-06-05T19:12:19.487328,
3,4,search,2026-06-05T19:15:19.487328,giày chạy bộ giá tốt
3,26,view,2026-06-05T19:28:19.487328,
3,26,view,2026-06-05T19:34:19.487328,
3,28,search,2026-06-05T19:53:19.487328,áo thun cotton nam
3,15,search,2026-06-05T20:40:19.487328,balo laptop chống nước
3,29,click,2026-06-05T21:28:19.487328,
3,5,click,2026-06-05T21:34:19.487328,
3,15,view,2026-06-05T21:57:19.487328,
3,30,view,2026-06-05T22:33:19.487328,
3,29,view,2026-06-05T22:47:19.487328,
3,29,view,2026-06-05T23:15:19.487328,
3,26,click,2026-06-05T23:55:19.487328,
3,28,click,2026-06-06T00:40:19.487328,
3,28,click,2026-06-06T00:56:19.487328,
3,16,view,2026-06-06T01:24:19.487328,
3,32,search,2026-06-06T01:47:19.487328,áo thun cotton nam
3,30,search,2026-06-06T02:29:19.487328,balo laptop chống nước
3,27,click,2026-06-06T02:45:19.487328,
3,15,add_to_cart,2026-06-06T02:52:19.487328,
4,2,click,2026-06-06T01:27:19.487328,
4,19,search,2026-06-06T01:36:19.487328,sách lập trình dễ hiểu
4,7,click,2026-06-06T02:26:19.487328,
4,2,click,2026-06-06T02:42:19.487328,
4,1,click,2026-06-06T03:01:19.487328,
4,17,view,2026-06-06T03:07:19.487328,
4,2,view,2026-06-06T03:12:19.487328,
4,2,view,2026-06-06T03:31:19.487328,
4,2,click,2026-06-06T04:01:19.487328,
4,7,click,2026-06-06T04:13:19.487328,
4,17,view,2026-06-06T04:51:19.487328,
4,17,add_to_cart,2026-06-06T05:17:19.487328,
4,17,click,2026-06-06T05:33:19.487328,
4,7,click,2026-06-06T06:25:19.487328,
4,4,view,2026-06-06T07:15:19.487328,
4,8,search,2026-06-06T07:28:19.487328,sách lập trình dễ hiểu
4,8,click,2026-06-06T07:42:19.487328,
4,18,click,2026-06-06T08:36:19.487328,
4,8,view,2026-06-06T08:56:19.487328,
4,1,add_to_cart,2026-06-06T09:01:19.487328,
4,18,view,2026-06-06T09:26:19.487328,
4,17,view,2026-06-06T09:43:19.487328,
4,7,add_to_cart,2026-06-06T10:03:19.487328,
4,17,click,2026-06-06T10:31:19.487328,
4,27,view,2026-06-06T10:35:19.487328,
4,19,search,2026-06-06T11:15:19.487328,sách hệ thống phân tán
4,8,view,2026-06-06T11:45:19.487328,
4,7,search,2026-06-06T12:26:19.487328,sách lập trình dễ hiểu
4,7,view,2026-06-06T12:45:19.487328,
5,17,view,2026-06-05T23:05:19.487328,
5,2,view,2026-06-05T23:47:19.487328,
5,17,click,2026-06-06T00:09:19.487328,
5,18,click,2026-06-06T00:37:19.487328,
5,2,click,2026-06-06T01:06:19.487328,
5,7,click,2026-06-06T01:20:19.487328,
5,1,view,2026-06-06T01:23:19.487328,
5,8,click,2026-06-06T02:03:19.487328,
5,1,click,2026-06-06T02:34:19.487328,
5,17,click,2026-06-06T03:27:19.487328,
5,19,click,2026-06-06T04:02:19.487328,
5,17,search,2026-06-06T04:57:19.487328,sách lập trình dễ hiểu
5,18,view,2026-06-06T05:51:19.487328,
5,8,click,2026-06-06T06:24:19.487328,
5,8,add_to_cart,2026-06-06T06:53:19.487328,
5,19,view,2026-06-06T07:21:19.487328,
5,18,add_to_cart,2026-06-06T08:12:19.487328,
5,19,search,2026-06-06T09:06:19.487328,sách hệ thống phân tán
5,18,add_to_cart,2026-06-06T09:24:19.487328,
5,17,click,2026-06-06T10:09:19.487328,
5,2,add_to_cart,2026-06-06T11:00:19.487328,
5,8,add_to_cart,2026-06-06T11:30:19.487328,
5,2,view,2026-06-06T12:01:19.487328,
5,8,add_to_cart,2026-06-06T12:21:19.487328,
5,17,click,2026-06-06T12:28:19.487328,
5,2,add_to_cart,2026-06-06T12:51:19.487328,
6,26,view,2026-06-05T17:57:19.487328,
6,14,view,2026-06-05T18:03:19.487328,
6,14,view,2026-06-05T18:50:19.487328,
6,23,click,2026-06-05T19:17:19.487328,
6,26,view,2026-06-05T20:08:19.487328,
6,14,click,2026-06-05T20:45:19.487328,
6,16,click,2026-06-05T21:02:19.487328,
6,26,view,2026-06-05T21:06:19.487328,
6,30,view,2026-06-05T21:55:19.487328,
6,14,click,2026-06-05T22:37:19.487328,
6,26,click,2026-06-05T23:16:19.487328,
6,29,add_to_cart,2026-06-05T23:27:19.487328,
6,26,view,2026-06-05T23:59:19.487328,
6,28,add_to_cart,2026-06-06T00:19:19.487328,
6,27,view,2026-06-06T00:52:19.487328,
6,6,click,2026-06-06T01:09:19.487328,
6,26,add_to_cart,2026-06-06T01:14:19.487328,
6,6,view,2026-06-06T01:56:19.487328,
6,5,click,2026-06-06T02:06:19.487328,
6,14,add_to_cart,2026-06-06T02:25:19.487328,
6,28,view,2026-06-06T03:13:19.487328,
6,14,click,2026-06-06T03:22:19.487328,
6,14,add_to_cart,2026-06-06T04:08:19.487328,
6,5,add_to_cart,2026-06-06T04:55:19.487328,
6,14,click,2026-06-06T05:41:19.487328,
6,6,view,2026-06-06T06:34:19.487328,
7,11,view,2026-06-06T01:45:19.487328,
7,11,click,2026-06-06T01:54:19.487328,
7,10,view,2026-06-06T02:42:19.487328,
7,10,view,2026-06-06T03:26:19.487328,
7,3,click,2026-06-06T04:18:19.487328,
7,24,view,2026-06-06T04:58:19.487328,
7,4,add_to_cart,2026-06-06T05:18:19.487328,
7,20,view,2026-06-06T05:45:19.487328,
7,21,click,2026-06-06T05:59:19.487328,
7,21,view,2026-06-06T06:23:19.487328,
7,30,view,2026-06-06T07:01:19.487328,
7,22,click,2026-06-06T07:19:19.487328,
7,11,click,2026-06-06T08:06:19.487328,
7,13,view,2026-06-06T08:59:19.487328,
7,20,view,2026-06-06T09:46:19.487328,
7,3,click,2026-06-06T10:19:19.487328,
7,21,view,2026-06-06T10:57:19.487328,
7,22,view,2026-06-06T11:19:19.487328,
7,3,view,2026-06-06T11:42:19.487328,
7,21,view,2026-06-06T11:56:19.487328,
7,9,click,2026-06-06T12:45:19.487328,
7,21,search,2026-06-06T13:06:19.487328,laptop văn phòng pin trâu
8,25,click,2026-06-05T21:35:19.487328,
8,23,click,2026-06-05T21:41:19.487328,
8,11,add_to_cart,2026-06-05T22:24:19.487328,
8,25,click,2026-06-05T22:57:19.487328,
8,24,search,2026-06-05T23:16:19.487328,tai nghe bluetooth chống ồn
8,25,view,2026-06-05T23:50:19.487328,
8,21,view,2026-06-06T00:02:19.487328,
8,13,search,2026-06-06T00:10:19.487328,laptop văn phòng pin trâu
8,11,click,2026-06-06T01:02:19.487328,
8,25,add_to_cart,2026-06-06T01:24:19.487328,
8,22,search,2026-06-06T02:06:19.487328,laptop văn phòng pin trâu
8,23,click,2026-06-06T02:25:19.487328,
8,11,view,2026-06-06T03:03:19.487328,
8,22,click,2026-06-06T03:50:19.487328,
8,11,click,2026-06-06T04:11:19.487328,
8,6,click,2026-06-06T04:18:19.487328,
8,22,click,2026-06-06T05:11:19.487328,
8,23,view,2026-06-06T05:41:19.487328,
8,23,add_to_cart,2026-06-06T06:01:19.487328,
8,21,click,2026-06-06T06:42:19.487328,
8,3,view,2026-06-06T07:13:19.487328,
8,11,search,2026-06-06T07:41:19.487328,tai nghe bluetooth chống ồn
8,3,click,2026-06-06T07:49:19.487328,
8,22,click,2026-06-06T08:12:19.487328,
8,25,add_to_cart,2026-06-06T08:58:19.487328,
9,17,add_to_cart,2026-06-06T02:18:19.487328,
9,1,search,2026-06-06T02:32:19.487328,sách thuật toán cho sinh viên
9,17,click,2026-06-06T02:40:19.487328,
9,8,view,2026-06-06T03:25:19.487328,
9,8,click,2026-06-06T04:12:19.487328,
9,17,add_to_cart,2026-06-06T05:07:19.487328,
9,7,search,2026-06-06T05:17:19.487328,sách lập trình dễ hiểu
9,17,add_to_cart,2026-06-06T06:02:19.487328,
9,17,add_to_cart,2026-06-06T06:44:19.487328,
9,2,view,2026-06-06T07:22:19.487328,
9,13,view,2026-06-06T07:56:19.487328,
9,7,view,2026-06-06T08:50:19.487328,
9,1,click,2026-06-06T08:53:19.487328,
9,1,click,2026-06-06T09:03:19.487328,
9,7,click,2026-06-06T09:15:19.487328,
9,8,view,2026-06-06T10:03:19.487328,
9,18,click,2026-06-06T10:21:19.487328,
9,1,click,2026-06-06T11:02:19.487328,
9,8,view,2026-06-06T11:09:19.487328,
9,1,search,2026-06-06T11:33:19.487328,sách lập trình dễ hiểu
9,7,click,2026-06-06T11:54:19.487328,
9,7,click,2026-06-06T12:39:19.487328,
9,7,view,2026-06-06T13:12:19.487328,
9,18,click,2026-06-06T13:39:19.487328,
9,1,view,2026-06-06T14:26:19.487328,
9,8,view,2026-06-06T15:18:19.487328,
9,2,add_to_cart,2026-06-06T16:06:19.487328,
9,19,search,2026-06-06T16:50:19.487328,sách lập trình dễ hiểu
10,32,view,2026-06-05T18:36:19.487328,
10,18,view,2026-06-05T19:25:19.487328,
10,22,click,2026-06-05T19:32:19.487328,
10,1,click,2026-06-05T20:14:19.487328,
10,8,add_to_cart,2026-06-05T20:38:19.487328,
10,1,click,2026-06-05T21:21:19.487328,
10,2,view,2026-06-05T21:58:19.487328,
10,8,search,2026-06-05T22:44:19.487328,sách lập trình dễ hiểu
10,2,search,2026-06-05T23:14:19.487328,sách lập trình dễ hiểu
10,19,view,2026-06-05T23:45:19.487328,
10,17,view,2026-06-05T23:50:19.487328,
10,8,click,2026-06-06T00:16:19.487328,
10,18,click,2026-06-06T00:55:19.487328,
10,2,click,2026-06-06T01:03:19.487328,
10,18,click,2026-06-06T01:21:19.487328,
10,2,click,2026-06-06T01:53:19.487328,
10,18,add_to_cart,2026-06-06T01:56:19.487328,
10,7,click,2026-06-06T02:03:19.487328,
10,17,click,2026-06-06T02:25:19.487328,
10,8,add_to_cart,2026-06-06T02:57:19.487328,
10,7,view,2026-06-06T03:06:19.487328,
10,1,search,2026-06-06T03:27:19.487328,sách hệ thống phân tán
10,2,view,2026-06-06T03:55:19.487328,
10,7,click,2026-06-06T04:47:19.487328,
10,23,click,2026-06-06T05:37:19.487328,
10,18,add_to_cart,2026-06-06T06:29:19.487328,
10,1,view,2026-06-06T07:11:19.487328,
10,19,click,2026-06-06T07:56:19.487328,
10,8,click,2026-06-06T08:39:19.487328,
10,19,click,2026-06-06T08:44:19.487328,
11,20,view,2026-06-05T23:42:19.487328,
11,23,click,2026-06-06T00:18:19.487328,
11,1,add_to_cart,2026-06-06T00:37:19.487328,
11,11,add_to_cart,2026-06-06T01:27:19.487328,
11,13,add_to_cart,2026-06-06T01:39:19.487328,
11,13,click,2026-06-06T02:33:19.487328,
11,20,view,2026-06-06T02:36:19.487328,
11,13,click,2026-06-06T03:22:19.487328,
11,4,click,2026-06-06T04:17:19.487328,
11,10,click,2026-06-06T04:34:19.487328,
11,11,add_to_cart,2026-06-06T04:57:19.487328,
11,23,view,2026-06-06T05:44:19.487328,
11,11,search,2026-06-06T05:49:19.487328,laptop giá rẻ học online
11,13,view,2026-06-06T05:58:19.487328,
11,9,view,2026-06-06T06:30:19.487328,
11,23,view,2026-06-06T07:07:19.487328,
11,9,click,2026-06-06T07:36:19.487328,
11,3,search,2026-06-06T08:05:19.487328,điện thoại pin khỏe
11,4,click,2026-06-06T08:21:19.487328,
11,10,view,2026-06-06T08:47:19.487328,
11,22,view,2026-06-06T09:31:19.487328,
11,24,search,2026-06-06T09:41:19.487328,laptop văn phòng pin trâu
11,31,click,2026-06-06T10:25:19.487328,
11,6,view,2026-06-06T11:18:19.487328,
11,10,view,2026-06-06T11:57:19.487328,
11,22,click,2026-06-06T12:13:19.487328,
11,23,add_to_cart,2026-06-06T12:37:19.487328,
11,24,click,2026-06-06T12:48:19.487328,
11,20,add_to_cart,2026-06-06T13:33:19.487328,
11,21,click,2026-06-06T13:51:19.487328,
12,16,view,2026-06-06T00:10:19.487328,
12,16,view,2026-06-06T01:02:19.487328,
12,5,view,2026-06-06T01:37:19.487328,
12,32,add_to_cart,2026-06-06T02:30:19.487328,
12,26,search,2026-06-06T02:36:19.487328,balo laptop chống nước
12,30,click,2026-06-06T02:45:19.487328,
12,30,view,2026-06-06T02:53:19.487328,
12,5,click,2026-06-06T03:13:19.487328,
12,28,view,2026-06-06T03:36:19.487328,
12,5,click,2026-06-06T04:08:19.487328,
12,29,add_to_cart,2026-06-06T04:18:19.487328,
12,27,click,2026-06-06T04:48:19.487328,
12,31,click,2026-06-06T05:43:19.487328,
12,27,click,2026-06-06T06:06:19.487328,
12,31,click,2026-06-06T06:18:19.487328,
12,5,view,2026-06-06T06:26:19.487328,
12,14,add_to_cart,2026-06-06T06:52:19.487328,
12,27,view,2026-06-06T07:30:19.487328,
12,5,search,2026-06-06T08:15:19.487328,giày chạy bộ giá tốt
12,14,click,2026-06-06T08:36:19.487328,
12,29,view,2026-06-06T09:11:19.487328,
12,31,view,2026-06-06T09:20:19.487328,
12,26,view,2026-06-06T10:11:19.487328,
12,14,search,2026-06-06T10:49:19.487328,balo laptop chống nước
13,17,view,2026-06-05T21:00:19.487328,
13,18,view,2026-06-05T21:24:19.487328,
13,2,click,2026-06-05T22:03:19.487328,
13,7,search,2026-06-05T22:46:19.487328,sách lập trình dễ hiểu
13,17,view,2026-06-05T23:13:19.487328,
13,7,click,2026-06-05T23:35:19.487328,
13,18,view,2026-06-06T00:16:19.487328,
13,17,click,2026-06-06T01:07:19.487328,
13,8,click,2026-06-06T01:38:19.487328,
13,19,view,2026-06-06T02:07:19.487328,
13,2,click,2026-06-06T02:32:19.487328,
13,19,click,2026-06-06T03:12:19.487328,
13,19,view,2026-06-06T03:29:19.487328,
13,18,view,2026-06-06T03:45:19.487328,
13,19,view,2026-06-06T04:36:19.487328,
13,8,click,2026-06-06T05:10:19.487328,
13,1,click,2026-06-06T05:47:19.487328,
13,8,add_to_cart,2026-06-06T06:32:19.487328,
13,17,click,2026-06-06T06:36:19.487328,
13,2,click,2026-06-06T07:15:19.487328,
14,9,view,2026-06-05T18:48:19.487328,
14,24,add_to_cart,2026-06-05T19:20:19.487328,
14,24,click,2026-06-05T19:38:19.487328,
14,23,add_to_cart,2026-06-05T20:06:19.487328,
14,10,click,2026-06-05T20:13:19.487328,
14,3,add_to_cart,2026-06-05T20:28:19.487328,
14,23,add_to_cart,2026-06-05T21:12:19.487328,
14,24,view,2026-06-05T21:53:19.487328,
14,11,search,2026-06-05T22:07:19.487328,tai nghe bluetooth chống ồn
14,4,search,2026-06-05T22:53:19.487328,điện thoại pin khỏe
14,11,view,2026-06-05T23:36:19.487328,
14,9,click,2026-06-06T00:07:19.487328,
14,11,view,2026-06-06T00:13:19.487328,
14,21,view,2026-06-06T00:44:19.487328,
14,30,click,2026-06-06T00:51:19.487328,
14,9,click,2026-06-06T01:33:19.487328,
14,25,search,2026-06-06T02:11:19.487328,tai nghe bluetooth chống ồn
14,9,click,2026-06-06T03:05:19.487328,
14,18,click,2026-06-06T03:38:19.487328,
14,4,add_to_cart,2026-06-06T03:47:19.487328,
14,11,view,2026-06-06T04:01:19.487328,
14,20,click,2026-06-06T04:37:19.487328,
14,4,view,2026-06-06T04:58:19.487328,
14,20,view,2026-06-06T05:39:19.487328,
14,13,view,2026-06-06T05:46:19.487328,
14,9,view,2026-06-06T06:07:19.487328,
14,23,view,2026-06-06T06:19:19.487328,
14,4,view,2026-06-06T06:44:19.487328,
14,24,view,2026-06-06T07:12:19.487328,
15,3,view,2026-06-05T22:54:19.487328,
15,20,add_to_cart,2026-06-05T23:40:19.487328,
15,22,view,2026-06-05T23:44:19.487328,
15,22,search,2026-06-06T00:08:19.487328,laptop văn phòng pin trâu
15,24,view,2026-06-06T00:20:19.487328,
15,20,add_to_cart,2026-06-06T00:55:19.487328,
15,23,click,2026-06-06T01:47:19.487328,
15,9,view,2026-06-06T02:00:19.487328,
15,4,add_to_cart,2026-06-06T02:54:19.487328,
15,21,view,2026-06-06T03:43:19.487328,
15,10,click,2026-06-06T04:34:19.487328,
15,11,view,2026-06-06T04:52:19.487328,
15,18,view,2026-06-06T05:07:19.487328,
15,23,add_to_cart,2026-06-06T05:39:19.487328,
15,21,view,2026-06-06T06:34:19.487328,
15,10,click,2026-06-06T06:40:19.487328,
15,24,click,2026-06-06T06:49:19.487328,
15,11,view,2026-06-06T07:10:19.487328,
15,22,view,2026-06-06T07:45:19.487328,
15,25,click,2026-06-06T08:40:19.487328,
15,22,view,2026-06-06T09:09:19.487328,
15,25,search,2026-06-06T09:36:19.487328,điện thoại pin khỏe
15,21,add_to_cart,2026-06-06T09:45:19.487328,
15,3,click,2026-06-06T10:18:19.487328,
15,24,click,2026-06-06T10:51:19.487328,
15,10,view,2026-06-06T10:55:19.487328,
15,21,click,2026-06-06T11:44:19.487328,
15,13,view,2026-06-06T12:02:19.487328,
15,24,add_to_cart,2026-06-06T12:45:19.487328,
15,10,click,2026-06-06T13:19:19.487328,
15,13,view,2026-06-06T13:58:19.487328,
15,13,click,2026-06-06T14:01:19.487328,
16,15,view,2026-06-06T01:45:19.487328,
16,26,search,2026-06-06T02:38:19.487328,áo thun cotton nam
16,24,click,2026-06-06T02:43:19.487328,
16,27,view,2026-06-06T03:33:19.487328,
16,14,click,2026-06-06T03:51:19.487328,
16,6,add_to_cart,2026-06-06T04:41:19.487328,
16,30,add_to_cart,2026-06-06T04:55:19.487328,
16,16,view,2026-06-06T05:49:19.487328,
16,29,view,2026-06-06T05:54:19.487328,
16,26,view,2026-06-06T05:59:19.487328,
16,6,click,2026-06-06T06:54:19.487328,
16,32,view,2026-06-06T07:09:19.487328,
16,27,view,2026-06-06T07:53:19.487328,
16,30,add_to_cart,2026-06-06T08:23:19.487328,
16,15,click,2026-06-06T08:57:19.487328,
16,30,add_to_cart,2026-06-06T09:17:19.487328,
16,27,view,2026-06-06T09:54:19.487328,
16,5,view,2026-06-06T10:39:19.487328,
16,16,view,2026-06-06T11:09:19.487328,
16,13,click,2026-06-06T11:14:19.487328,
16,1,view,2026-06-06T11:44:19.487328,
16,27,view,2026-06-06T11:50:19.487328,
17,19,add_to_cart,2026-06-05T17:06:19.487328,
17,8,add_to_cart,2026-06-05T17:24:19.487328,
17,17,click,2026-06-05T17:29:19.487328,
17,18,click,2026-06-05T17:55:19.487328,
17,17,view,2026-06-05T18:31:19.487328,
17,18,search,2026-06-05T18:49:19.487328,sách thuật toán cho sinh viên
17,17,view,2026-06-05T19:25:19.487328,
17,7,view,2026-06-05T20:17:19.487328,
17,26,click,2026-06-05T20:38:19.487328,
17,18,view,2026-06-05T20:48:19.487328,
17,2,click,2026-06-05T21:36:19.487328,
17,7,click,2026-06-05T21:59:19.487328,
17,18,view,2026-06-05T22:36:19.487328,
17,18,click,2026-06-05T23:24:19.487328,
17,18,view,2026-06-06T00:17:19.487328,
17,19,view,2026-06-06T01:10:19.487328,
17,1,click,2026-06-06T01:36:19.487328,
17,19,view,2026-06-06T02:14:19.487328,
17,8,view,2026-06-06T02:36:19.487328,
17,7,view,2026-06-06T03:12:19.487328,
17,19,view,2026-06-06T03:19:19.487328,
17,18,click,2026-06-06T03:50:19.487328,
17,1,click,2026-06-06T04:42:19.487328,
17,31,click,2026-06-06T04:53:19.487328,
17,18,click,2026-06-06T05:03:19.487328,
18,10,add_to_cart,2026-06-05T22:53:19.487328,
18,10,view,2026-06-05T23:13:19.487328,
18,9,click,2026-06-05T23:21:19.487328,
18,9,view,2026-06-05T23:33:19.487328,
18,4,add_to_cart,2026-06-05T23:57:19.487328,
18,9,click,2026-06-06T00:49:19.487328,
18,4,click,2026-06-06T01:18:19.487328,
18,17,view,2026-06-06T01:55:19.487328,
18,3,add_to_cart,2026-06-06T02:13:19.487328,
18,11,view,2026-06-06T02:19:19.487328,
18,3,view,2026-06-06T02:35:19.487328,
18,13,click,2026-06-06T02:58:19.487328,
18,11,add_to_cart,2026-06-06T03:09:19.487328,
18,24,view,2026-06-06T03:19:19.487328,
18,9,view,2026-06-06T03:25:19.487328,
18,23,view,2026-06-06T03:54:19.487328,
18,20,view,2026-06-06T04:49:19.487328,
18,21,add_to_cart,2026-06-06T05:04:19.487328,
18,16,view,2026-06-06T05:38:19.487328,
18,20,search,2026-06-06T06:10:19.487328,laptop giá rẻ học online
18,4,view,2026-06-06T06:16:19.487328,
18,24,click,2026-06-06T07:02:19.487328,
18,20,view,2026-06-06T07:32:19.487328,
18,25,view,2026-06-06T08:23:19.487328,
18,21,click,2026-06-06T09:02:19.487328,
18,10,view,2026-06-06T09:09:19.487328,
18,24,add_to_cart,2026-06-06T09:29:19.487328,
19,22,search,2026-06-05T22:48:19.487328,tai nghe bluetooth chống ồn
19,3,view,2026-06-05T23:23:19.487328,
19,10,add_to_cart,2026-06-05T23:47:19.487328,
19,23,view,2026-06-05T23:58:19.487328,
19,21,search,2026-06-06T00:26:19.487328,điện thoại pin khỏe
19,11,add_to_cart,2026-06-06T01:01:19.487328,
19,24,view,2026-06-06T01:56:19.487328,
19,3,click,2026-06-06T02:25:19.487328,
19,21,click,2026-06-06T03:12:19.487328,
19,25,add_to_cart,2026-06-06T03:56:19.487328,
19,3,click,2026-06-06T04:36:19.487328,
19,9,add_to_cart,2026-06-06T05:18:19.487328,
19,20,view,2026-06-06T06:05:19.487328,
19,13,view,2026-06-06T06:34:19.487328,
19,4,add_to_cart,2026-06-06T07:09:19.487328,
19,22,view,2026-06-06T07:58:19.487328,
19,10,view,2026-06-06T08:36:19.487328,
19,10,view,2026-06-06T09:03:19.487328,
19,3,click,2026-06-06T09:27:19.487328,
19,9,click,2026-06-06T10:13:19.487328,
19,10,view,2026-06-06T10:46:19.487328,
19,23,view,2026-06-06T11:08:19.487328,
19,3,view,2026-06-06T12:00:19.487328,
19,3,view,2026-06-06T12:34:19.487328,
19,10,view,2026-06-06T12:54:19.487328,
19,20,add_to_cart,2026-06-06T13:21:19.487328,
19,3,view,2026-06-06T14:15:19.487328,
19,21,view,2026-06-06T14:23:19.487328,
19,10,click,2026-06-06T15:13:19.487328,
19,23,search,2026-06-06T15:33:19.487328,laptop giá rẻ học online
19,25,click,2026-06-06T16:15:19.487328,
20,17,view,2026-06-05T20:57:19.487328,
20,18,click,2026-06-05T21:45:19.487328,
20,27,search,2026-06-05T21:48:19.487328,sách thuật toán cho sinh viên
20,8,search,2026-06-05T22:32:19.487328,sách hệ thống phân tán
20,1,add_to_cart,2026-06-05T22:47:19.487328,
20,2,click,2026-06-05T22:55:19.487328,
20,1,add_to_cart,2026-06-05T23:44:19.487328,
20,1,search,2026-06-05T23:58:19.487328,sách thuật toán cho sinh viên
20,1,click,2026-06-06T00:51:19.487328,
20,17,add_to_cart,2026-06-06T01:12:19.487328,
20,7,click,2026-06-06T01:33:19.487328,
20,18,add_to_cart,2026-06-06T02:07:19.487328,
20,8,view,2026-06-06T03:01:19.487328,
20,2,view,2026-06-06T03:45:19.487328,
20,7,add_to_cart,2026-06-06T04:09:19.487328,
20,8,add_to_cart,2026-06-06T04:52:19.487328,
20,17,view,2026-06-06T05:37:19.487328,
20,8,search,2026-06-06T06:00:19.487328,sách lập trình dễ hiểu
20,7,add_to_cart,2026-06-06T06:31:19.487328,
20,18,view,2026-06-06T06:34:19.487328,
20,18,click,2026-06-06T06:40:19.487328,
20,3,click,2026-06-06T07:08:19.487328,
20,2,add_to_cart,2026-06-06T07:56:19.487328,
20,18,view,2026-06-06T08:17:19.487328,
20,7,view,2026-06-06T08:50:19.487328,
20,8,view,2026-06-06T09:16:19.487328,
20,18,click,2026-06-06T10:07:19.487328,
20,1,view,2026-06-06T10:58:19.487328,
20,2,view,2026-06-06T11:51:19.487328,
20,19,view,2026-06-06T12:17:19.487328,
20,17,add_to_cart,2026-06-06T12:55:19.487328,
20,2,click,2026-06-06T13:31:19.487328,
20,8,click,2026-06-06T14:11:19.487328,
20,8,view,2026-06-06T15:05:19.487328,
20,2,click,2026-06-06T15:37:19.487328,
20,17,view,2026-06-06T16:31:19.487328,
21,31,view,2026-06-06T02:22:19.487328,
21,30,search,2026-06-06T02:59:19.487328,áo thun cotton nam
21,30,view,2026-06-06T03:04:19.487328,
21,26,click,2026-06-06T03:56:19.487328,
21,26,search,2026-06-06T04:22:19.487328,áo thun cotton nam
21,15,click,2026-06-06T04:30:19.487328,
21,30,click,2026-06-06T04:41:19.487328,
21,29,view,2026-06-06T05:18:19.487328,
21,15,add_to_cart,2026-06-06T05:21:19.487328,
21,29,click,2026-06-06T05:51:19.487328,
21,5,view,2026-06-06T06:23:19.487328,
21,26,view,2026-06-06T07:14:19.487328,
21,31,add_to_cart,2026-06-06T07:56:19.487328,
21,6,click,2026-06-06T08:05:19.487328,
21,29,add_to_cart,2026-06-06T08:53:19.487328,
21,32,view,2026-06-06T09:30:19.487328,
21,5,click,2026-06-06T09:41:19.487328,
21,6,view,2026-06-06T10:20:19.487328,
21,30,view,2026-06-06T11:15:19.487328,
21,28,click,2026-06-06T12:00:19.487328,
21,5,click,2026-06-06T12:06:19.487328,
21,16,click,2026-06-06T12:20:19.487328,
21,10,search,2026-06-06T12:26:19.487328,áo thun cotton nam
21,26,click,2026-06-06T13:19:19.487328,
21,15,view,2026-06-06T13:31:19.487328,
21,5,view,2026-06-06T14:04:19.487328,
22,15,view,2026-06-05T18:00:19.487328,
22,27,view,2026-06-05T18:11:19.487328,
22,27,view,2026-06-05T18:55:19.487328,
22,32,click,2026-06-05T19:03:19.487328,
22,32,view,2026-06-05T19:23:19.487328,
22,5,view,2026-06-05T19:30:19.487328,
22,27,click,2026-06-05T20:15:19.487328,
22,29,search,2026-06-05T20:37:19.487328,balo laptop chống nước
22,29,click,2026-06-05T20:47:19.487328,
22,29,click,2026-06-05T21:34:19.487328,
22,16,view,2026-06-05T22:12:19.487328,
22,27,click,2026-06-05T22:49:19.487328,
22,27,add_to_cart,2026-06-05T23:24:19.487328,
22,14,view,2026-06-05T23:40:19.487328,
22,15,click,2026-06-05T23:57:19.487328,
22,30,click,2026-06-06T00:37:19.487328,
22,29,view,2026-06-06T00:52:19.487328,
22,22,click,2026-06-06T01:26:19.487328,
22,16,add_to_cart,2026-06-06T01:45:19.487328,
22,30,view,2026-06-06T02:17:19.487328,
22,15,click,2026-06-06T02:28:19.487328,
22,31,search,2026-06-06T03:12:19.487328,balo laptop chống nước
22,5,add_to_cart,2026-06-06T03:18:19.487328,
22,27,view,2026-06-06T03:30:19.487328,
22,14,click,2026-06-06T03:36:19.487328,
22,15,click,2026-06-06T04:09:19.487328,
22,5,view,2026-06-06T04:47:19.487328,
22,15,click,2026-06-06T05:07:19.487328,
22,30,click,2026-06-06T06:02:19.487328,
22,15,add_to_cart,2026-06-06T06:11:19.487328,
22,26,add_to_cart,2026-06-06T06:30:19.487328,
22,25,click,2026-06-06T07:02:19.487328,
22,6,click,2026-06-06T07:24:19.487328,
22,16,add_to_cart,2026-06-06T08:08:19.487328,
23,27,click,2026-06-05T19:26:19.487328,
23,3,search,2026-06-05T20:05:19.487328,balo laptop chống nước
23,9,view,2026-06-05T20:10:19.487328,
23,31,click,2026-06-05T20:49:19.487328,
23,14,search,2026-06-05T21:35:19.487328,balo laptop chống nước
23,32,view,2026-06-05T21:40:19.487328,
23,5,click,2026-06-05T21:56:19.487328,
23,30,view,2026-06-05T22:51:19.487328,
23,26,view,2026-06-05T23:30:19.487328,
23,5,add_to_cart,2026-06-06T00:16:19.487328,
23,27,view,2026-06-06T01:05:19.487328,
23,31,view,2026-06-06T01:11:19.487328,
23,14,click,2026-06-06T01:35:19.487328,
23,6,search,2026-06-06T02:03:19.487328,áo thun cotton nam
23,27,search,2026-06-06T02:56:19.487328,balo laptop chống nước
23,6,click,2026-06-06T03:23:19.487328,
23,29,view,2026-06-06T03:50:19.487328,
23,26,view,2026-06-06T04:38:19.487328,
23,31,add_to_cart,2026-06-06T05:26:19.487328,
23,27,view,2026-06-06T05:34:19.487328,
24,10,view,2026-06-05T18:46:19.487328,
24,20,view,2026-06-05T19:21:19.487328,
24,20,view,2026-06-05T19:59:19.487328,
24,24,view,2026-06-05T20:26:19.487328,
24,23,add_to_cart,2026-06-05T21:15:19.487328,
24,21,view,2026-06-05T22:01:19.487328,
24,13,click,2026-06-05T22:21:19.487328,
24,24,click,2026-06-05T22:41:19.487328,
24,4,view,2026-06-05T23:07:19.487328,
24,24,click,2026-06-05T23:41:19.487328,
24,22,view,2026-06-05T23:52:19.487328,
24,11,view,2026-06-06T00:34:19.487328,
24,4,click,2026-06-06T00:58:19.487328,
24,3,view,2026-06-06T01:39:19.487328,
24,13,click,2026-06-06T01:54:19.487328,
24,11,view,2026-06-06T02:17:19.487328,
24,21,add_to_cart,2026-06-06T02:56:19.487328,
24,26,view,2026-06-06T03:24:19.487328,
24,10,search,2026-06-06T04:04:19.487328,laptop giá rẻ học online
24,11,click,2026-06-06T04:53:19.487328,
24,13,view,2026-06-06T05:47:19.487328,
24,22,click,2026-06-06T06:33:19.487328,
24,13,click,2026-06-06T06:52:19.487328,
25,5,view,2026-06-06T01:13:19.487328,
25,27,click,2026-06-06T01:42:19.487328,
25,6,add_to_cart,2026-06-06T02:29:19.487328,
25,14,add_to_cart,2026-06-06T02:38:19.487328,
25,6,click,2026-06-06T02:43:19.487328,
25,26,search,2026-06-06T03:11:19.487328,giày chạy bộ giá tốt
25,5,view,2026-06-06T03:14:19.487328,
25,29,click,2026-06-06T03:50:19.487328,
25,6,view,2026-06-06T04:21:19.487328,
25,32,click,2026-06-06T05:01:19.487328,
25,31,view,2026-06-06T05:34:19.487328,
25,16,add_to_cart,2026-06-06T05:44:19.487328,
25,16,view,2026-06-06T06:37:19.487328,
25,27,click,2026-06-06T06:46:19.487328,
25,31,view,2026-06-06T06:53:19.487328,
25,6,add_to_cart,2026-06-06T06:57:19.487328,
25,30,view,2026-06-06T07:47:19.487328,
25,25,click,2026-06-06T08:11:19.487328,
25,6,view,2026-06-06T09:05:19.487328,
25,14,click,2026-06-06T09:50:19.487328,
25,32,click,2026-06-06T10:05:19.487328,
25,5,view,2026-06-06T10:53:19.487328,
25,27,add_to_cart,2026-06-06T11:47:19.487328,
25,16,click,2026-06-06T12:02:19.487328,
25,26,search,2026-06-06T12:38:19.487328,balo laptop chống nước
25,16,click,2026-06-06T13:06:19.487328,
25,28,view,2026-06-06T13:48:19.487328,
25,27,click,2026-06-06T14:30:19.487328,
25,27,view,2026-06-06T14:40:19.487328,
25,14,view,2026-06-06T15:27:19.487328,
25,16,click,2026-06-06T15:38:19.487328,
25,2,click,2026-06-06T16:21:19.487328,
25,30,click,2026-06-06T16:35:19.487328,
25,32,view,2026-06-06T16:49:19.487328,
26,10,view,2026-06-06T00:50:19.487328,
26,11,click,2026-06-06T01:25:19.487328,
26,23,click,2026-06-06T01:54:19.487328,
26,22,click,2026-06-06T02:02:19.487328,
26,21,view,2026-06-06T02:23:19.487328,
26,24,add_to_cart,2026-06-06T02:36:19.487328,
26,20,view,2026-06-06T03:15:19.487328,
26,22,add_to_cart,2026-06-06T03:52:19.487328,
26,22,view,2026-06-06T04:22:19.487328,
26,24,add_to_cart,2026-06-06T04:44:19.487328,
26,3,add_to_cart,2026-06-06T05:15:19.487328,
26,9,click,2026-06-06T05:55:19.487328,
26,22,click,2026-06-06T06:38:19.487328,
26,20,view,2026-06-06T07:33:19.487328,
26,20,view,2026-06-06T08:10:19.487328,
26,10,view,2026-06-06T08:58:19.487328,
26,13,add_to_cart,2026-06-06T09:44:19.487328,
26,3,add_to_cart,2026-06-06T10:04:19.487328,
26,23,add_to_cart,2026-06-06T10:27:19.487328,
26,13,click,2026-06-06T11:06:19.487328,
27,20,click,2026-06-05T18:26:19.487328,
27,25,search,2026-06-05T18:58:19.487328,laptop giá rẻ học online
27,3,search,2026-06-05T19:47:19.487328,điện thoại pin khỏe
27,13,add_to_cart,2026-06-05T19:54:19.487328,
27,20,view,2026-06-05T20:28:19.487328,
27,11,click,2026-06-05T21:06:19.487328,
27,25,view,2026-06-05T21:59:19.487328,
27,11,view,2026-06-05T22:04:19.487328,
27,11,view,2026-06-05T22:08:19.487328,
27,26,view,2026-06-05T22:40:19.487328,
27,21,add_to_cart,2026-06-05T23:27:19.487328,
27,20,click,2026-06-05T23:35:19.487328,
27,3,add_to_cart,2026-06-06T00:20:19.487328,
27,25,add_to_cart,2026-06-06T01:07:19.487328,
27,22,click,2026-06-06T01:23:19.487328,
27,3,click,2026-06-06T01:59:19.487328,
27,11,add_to_cart,2026-06-06T02:23:19.487328,
27,24,view,2026-06-06T02:30:19.487328,
27,23,view,2026-06-06T02:39:19.487328,
27,4,add_to_cart,2026-06-06T03:06:19.487328,
27,9,view,2026-06-06T03:18:19.487328,
27,22,view,2026-06-06T04:02:19.487328,
28,19,click,2026-06-06T00:06:19.487328,
28,2,view,2026-06-06T00:15:19.487328,
28,1,view,2026-06-06T00:42:19.487328,
28,18,view,2026-06-06T00:53:19.487328,
28,17,click,2026-06-06T01:31:19.487328,
28,1,search,2026-06-06T02:23:19.487328,sách hệ thống phân tán
28,18,view,2026-06-06T02:45:19.487328,
28,1,view,2026-06-06T03:35:19.487328,
28,19,search,2026-06-06T04:28:19.487328,sách lập trình dễ hiểu
28,19,click,2026-06-06T05:02:19.487328,
28,1,search,2026-06-06T05:28:19.487328,sách hệ thống phân tán
28,1,view,2026-06-06T05:57:19.487328,
28,19,search,2026-06-06T06:30:19.487328,sách hệ thống phân tán
28,19,view,2026-06-06T06:37:19.487328,
28,2,view,2026-06-06T07:30:19.487328,
28,7,add_to_cart,2026-06-06T08:05:19.487328,
28,17,click,2026-06-06T08:42:19.487328,
28,1,click,2026-06-06T08:50:19.487328,
28,2,click,2026-06-06T09:02:19.487328,
28,8,add_to_cart,2026-06-06T09:53:19.487328,
28,18,search,2026-06-06T10:42:19.487328,sách lập trình dễ hiểu
28,19,view,2026-06-06T11:12:19.487328,
28,18,click,2026-06-06T11:34:19.487328,
28,19,view,2026-06-06T11:44:19.487328,
29,28,click,2026-06-05T22:54:19.487328,
29,28,view,2026-06-05T23:07:19.487328,
29,26,add_to_cart,2026-06-05T23:56:19.487328,
29,14,click,2026-06-06T00:16:19.487328,
29,27,view,2026-06-06T00:59:19.487328,
29,27,click,2026-06-06T01:05:19.487328,
29,14,view,2026-06-06T01:18:19.487328,
29,15,click,2026-06-06T02:04:19.487328,
29,29,view,2026-06-06T02:07:19.487328,
29,30,click,2026-06-06T02:12:19.487328,
29,15,search,2026-06-06T02:26:19.487328,balo laptop chống nước
29,29,click,2026-06-06T03:16:19.487328,
29,31,add_to_cart,2026-06-06T03:45:19.487328,
29,29,click,2026-06-06T04:20:19.487328,
29,26,click,2026-06-06T05:14:19.487328,
29,15,add_to_cart,2026-06-06T05:21:19.487328,
29,14,view,2026-06-06T05:53:19.487328,
29,16,view,2026-06-06T06:46:19.487328,
29,29,click,2026-06-06T07:12:19.487328,
29,26,add_to_cart,2026-06-06T08:01:19.487328,
29,5,view,2026-06-06T08:05:19.487328,
29,6,search,2026-06-06T08:08:19.487328,áo thun cotton nam
29,15,click,2026-06-06T08:58:19.487328,
29,28,view,2026-06-06T09:16:19.487328,
29,29,view,2026-06-06T10:04:19.487328,
29,16,view,2026-06-06T10:40:19.487328,
29,30,view,2026-06-06T11:30:19.487328,
29,6,add_to_cart,2026-06-06T12:13:19.487328,
29,27,view,2026-06-06T12:24:19.487328,
29,27,view,2026-06-06T13:18:19.487328,
29,29,click,2026-06-06T13:41:19.487328,
29,16,add_to_cart,2026-06-06T13:52:19.487328,
29,27,view,2026-06-06T14:24:19.487328,
29,28,view,2026-06-06T15:16:19.487328,
29,28,view,2026-06-06T15:26:19.487328,
30,17,view,2026-06-05T20:26:19.487328,
30,17,click,2026-06-05T20:54:19.487328,
30,8,search,2026-06-05T21:49:19.487328,sách thuật toán cho sinh viên
30,8,click,2026-06-05T22:27:19.487328,
30,1,add_to_cart,2026-06-05T22:36:19.487328,
30,17,view,2026-06-05T22:53:19.487328,
30,7,click,2026-06-05T23:39:19.487328,
30,19,view,2026-06-06T00:19:19.487328,
30,1,view,2026-06-06T00:26:19.487328,
30,1,view,2026-06-06T00:37:19.487328,
30,31,view,2026-06-06T01:01:19.487328,
30,2,search,2026-06-06T01:14:19.487328,sách thuật toán cho sinh viên
30,18,view,2026-06-06T01:48:19.487328,
30,17,view,2026-06-06T02:13:19.487328,
30,2,add_to_cart,2026-06-06T02:44:19.487328,
30,8,click,2026-06-06T03:05:19.487328,
30,8,view,2026-06-06T03:11:19.487328,
30,18,click,2026-06-06T03:26:19.487328,
30,19,search,2026-06-06T04:09:19.487328,sách thuật toán cho sinh viên
30,1,click,2026-06-06T05:02:19.487328,
30,17,view,2026-06-06T05:36:19.487328,
31,21,view,2026-06-05T19:31:19.487328,
31,20,add_to_cart,2026-06-05T19:37:19.487328,
31,4,search,2026-06-05T19:54:19.487328,laptop văn phòng pin trâu
31,3,click,2026-06-05T20:14:19.487328,
31,14,add_to_cart,2026-06-05T20:20:19.487328,
31,4,view,2026-06-05T21:14:19.487328,
31,3,view,2026-06-05T21:28:19.487328,
31,3,view,2026-06-05T22:15:19.487328,
31,23,view,2026-06-05T23:02:19.487328,
31,11,search,2026-06-05T23:41:19.487328,điện thoại pin khỏe
31,22,click,2026-06-05T23:55:19.487328,
31,25,view,2026-06-06T00:36:19.487328,
31,23,add_to_cart,2026-06-06T01:00:19.487328,
31,3,add_to_cart,2026-06-06T01:54:19.487328,
31,20,add_to_cart,2026-06-06T02:06:19.487328,
31,9,click,2026-06-06T02:32:19.487328,
31,23,view,2026-06-06T02:41:19.487328,
31,11,search,2026-06-06T03:30:19.487328,điện thoại pin khỏe
31,9,click,2026-06-06T03:44:19.487328,
31,23,view,2026-06-06T04:37:19.487328,
31,23,view,2026-06-06T05:04:19.487328,
31,1,click,2026-06-06T05:18:19.487328,
31,1,view,2026-06-06T05:57:19.487328,
31,9,view,2026-06-06T06:36:19.487328,
31,11,click,2026-06-06T06:53:19.487328,
31,20,view,2026-06-06T07:05:19.487328,
31,24,view,2026-06-06T07:28:19.487328,
31,20,click,2026-06-06T08:23:19.487328,
32,21,view,2026-06-05T21:10:19.487328,
32,13,view,2026-06-05T22:03:19.487328,
32,3,click,2026-06-05T22:34:19.487328,
32,10,click,2026-06-05T23:03:19.487328,
32,9,view,2026-06-05T23:30:19.487328,
32,25,add_to_cart,2026-06-06T00:14:19.487328,
32,24,view,2026-06-06T00:35:19.487328,
32,23,view,2026-06-06T00:42:19.487328,
32,30,view,2026-06-06T01:31:19.487328,
32,11,click,2026-06-06T01:55:19.487328,
32,27,view,2026-06-06T02:43:19.487328,
32,22,add_to_cart,2026-06-06T03:24:19.487328,
32,3,click,2026-06-06T03:53:19.487328,
32,22,view,2026-06-06T04:30:19.487328,
32,11,view,2026-06-06T04:39:19.487328,
32,24,view,2026-06-06T04:51:19.487328,
32,25,add_to_cart,2026-06-06T05:12:19.487328,
32,24,view,2026-06-06T05:28:19.487328,
32,4,add_to_cart,2026-06-06T06:01:19.487328,
32,23,view,2026-06-06T06:20:19.487328,
33,11,click,2026-06-05T22:55:19.487328,
33,25,view,2026-06-05T23:14:19.487328,
33,10,add_to_cart,2026-06-05T23:26:19.487328,
33,10,search,2026-06-05T23:55:19.487328,laptop giá rẻ học online
33,11,add_to_cart,2026-06-06T00:22:19.487328,
33,3,add_to_cart,2026-06-06T01:01:19.487328,
33,6,click,2026-06-06T01:06:19.487328,
33,24,click,2026-06-06T01:45:19.487328,
33,27,click,2026-06-06T02:36:19.487328,
33,4,add_to_cart,2026-06-06T02:52:19.487328,
33,23,view,2026-06-06T03:22:19.487328,
33,2,view,2026-06-06T04:03:19.487328,
33,13,view,2026-06-06T04:57:19.487328,
33,11,view,2026-06-06T05:35:19.487328,
33,10,add_to_cart,2026-06-06T05:38:19.487328,
33,9,view,2026-06-06T05:48:19.487328,
33,24,add_to_cart,2026-06-06T06:28:19.487328,
33,20,view,2026-06-06T07:21:19.487328,
33,9,view,2026-06-06T07:50:19.487328,
33,13,click,2026-06-06T08:31:19.487328,
33,13,click,2026-06-06T08:43:19.487328,
33,3,view,2026-06-06T08:48:19.487328,
33,21,view,2026-06-06T09:06:19.487328,
33,21,view,2026-06-06T09:32:19.487328,
33,3,view,2026-06-06T09:54:19.487328,
33,23,view,2026-06-06T10:40:19.487328,
33,20,search,2026-06-06T11:02:19.487328,điện thoại pin khỏe
33,22,view,2026-06-06T11:51:19.487328,
33,3,view,2026-06-06T12:22:19.487328,
33,23,add_to_cart,2026-06-06T12:56:19.487328,
33,23,view,2026-06-06T13:03:19.487328,
33,22,add_to_cart,2026-06-06T13:55:19.487328,
34,29,view,2026-06-05T17:28:19.487328,
34,26,view,2026-06-05T17:48:19.487328,
34,29,search,2026-06-05T18:31:19.487328,áo thun cotton nam
34,16,click,2026-06-05T19:05:19.487328,
34,28,click,2026-06-05T19:45:19.487328,
34,30,add_to_cart,2026-06-05T20:35:19.487328,
34,6,add_to_cart,2026-06-05T21:14:19.487328,
34,32,view,2026-06-05T21:30:19.487328,
34,16,search,2026-06-05T22:22:19.487328,giày chạy bộ giá tốt
34,29,view,2026-06-05T23:06:19.487328,
34,9,click,2026-06-05T23:25:19.487328,
34,26,click,2026-06-06T00:13:19.487328,
34,28,click,2026-06-06T00:38:19.487328,
34,14,click,2026-06-06T01:24:19.487328,
34,1,view,2026-06-06T01:33:19.487328,
34,28,click,2026-06-06T01:59:19.487328,
34,27,click,2026-06-06T02:21:19.487328,
34,28,click,2026-06-06T02:41:19.487328,
34,28,click,2026-06-06T03:25:19.487328,
34,32,view,2026-06-06T03:40:19.487328,
34,6,add_to_cart,2026-06-06T04:34:19.487328,
34,28,click,2026-06-06T04:45:19.487328,
34,5,add_to_cart,2026-06-06T05:04:19.487328,
34,15,add_to_cart,2026-06-06T05:43:19.487328,
34,28,add_to_cart,2026-06-06T06:26:19.487328,
34,16,add_to_cart,2026-06-06T06:39:19.487328,
34,15,click,2026-06-06T06:50:19.487328,
35,28,view,2026-06-05T18:11:19.487328,
35,16,add_to_cart,2026-06-05T18:40:19.487328,
35,14,click,2026-06-05T18:50:19.487328,
35,29,search,2026-06-05T19:30:19.487328,balo laptop chống nước
35,30,add_to_cart,2026-06-05T19:40:19.487328,
35,14,search,2026-06-05T19:51:19.487328,áo thun cotton nam
35,31,view,2026-06-05T20:03:19.487328,
35,22,view,2026-06-05T20:37:19.487328,
35,29,view,2026-06-05T21:20:19.487328,
35,31,add_to_cart,2026-06-05T22:11:19.487328,
35,26,click,2026-06-05T22:22:19.487328,
35,32,search,2026-06-05T22:52:19.487328,balo laptop chống nước
35,3,click,2026-06-05T23:07:19.487328,
35,6,add_to_cart,2026-06-05T23:30:19.487328,
35,27,view,2026-06-06T00:19:19.487328,
35,14,view,2026-06-06T00:41:19.487328,
35,28,view,2026-06-06T01:03:19.487328,
35,15,click,2026-06-06T01:24:19.487328,
35,30,click,2026-06-06T01:48:19.487328,
35,29,search,2026-06-06T02:12:19.487328,giày chạy bộ giá tốt
35,5,view,2026-06-06T03:06:19.487328,
35,15,view,2026-06-06T03:17:19.487328,
35,32,view,2026-06-06T03:30:19.487328,
35,14,add_to_cart,2026-06-06T03:57:19.487328,
35,32,click,2026-06-06T04:03:19.487328,
35,26,click,2026-06-06T04:09:19.487328,
35,30,click,2026-06-06T04:19:19.487328,
35,28,click,2026-06-06T04:35:19.487328,
35,28,click,2026-06-06T05:04:19.487328,
35,31,click,2026-06-06T05:46:19.487328,
36,17,add_to_cart,2026-06-05T21:22:19.487328,
36,8,search,2026-06-05T21:58:19.487328,sách thuật toán cho sinh viên
36,18,view,2026-06-05T22:11:19.487328,
36,19,search,2026-06-05T22:58:19.487328,sách lập trình dễ hiểu
36,7,view,2026-06-05T23:43:19.487328,
36,7,click,2026-06-06T00:28:19.487328,
36,17,view,2026-06-06T01:03:19.487328,
36,23,view,2026-06-06T01:47:19.487328,
36,18,click,2026-06-06T02:06:19.487328,
36,2,add_to_cart,2026-06-06T02:11:19.487328,
36,19,view,2026-06-06T02:21:19.487328,
36,8,add_to_cart,2026-06-06T02:24:19.487328,
36,17,view,2026-06-06T03:06:19.487328,
36,8,view,2026-06-06T04:01:19.487328,
36,1,view,2026-06-06T04:33:19.487328,
36,18,add_to_cart,2026-06-06T05:06:19.487328,
36,4,click,2026-06-06T05:53:19.487328,
36,17,view,2026-06-06T06:06:19.487328,
36,7,click,2026-06-06T07:00:19.487328,
36,1,add_to_cart,2026-06-06T07:27:19.487328,
36,8,search,2026-06-06T08:16:19.487328,sách lập trình dễ hiểu
36,2,click,2026-06-06T08:45:19.487328,
36,7,view,2026-06-06T09:08:19.487328,
37,19,click,2026-06-05T22:45:19.487328,
37,17,click,2026-06-05T23:15:19.487328,
37,1,click,2026-06-06T00:00:19.487328,
37,31,click,2026-06-06T00:55:19.487328,
37,1,click,2026-06-06T00:58:19.487328,
37,19,add_to_cart,2026-06-06T01:31:19.487328,
37,31,view,2026-06-06T01:54:19.487328,
37,8,view,2026-06-06T02:29:19.487328,
37,1,view,2026-06-06T03:24:19.487328,
37,8,click,2026-06-06T04:03:19.487328,
37,2,view,2026-06-06T04:26:19.487328,
37,7,view,2026-06-06T04:30:19.487328,
37,7,view,2026-06-06T05:08:19.487328,
37,7,click,2026-06-06T05:50:19.487328,
37,17,click,2026-06-06T06:06:19.487328,
37,7,add_to_cart,2026-06-06T06:32:19.487328,
37,2,click,2026-06-06T07:24:19.487328,
37,1,click,2026-06-06T07:50:19.487328,
37,1,view,2026-06-06T08:35:19.487328,
37,7,search,2026-06-06T09:18:19.487328,sách thuật toán cho sinh viên
37,8,view,2026-06-06T10:05:19.487328,
37,7,add_to_cart,2026-06-06T10:16:19.487328,
37,20,view,2026-06-06T10:31:19.487328,
37,2,click,2026-06-06T10:47:19.487328,
37,2,view,2026-06-06T11:11:19.487328,
37,8,click,2026-06-06T11:57:19.487328,
37,28,click,2026-06-06T12:29:19.487328,
38,5,view,2026-06-06T02:16:19.487328,
38,23,click,2026-06-06T02:56:19.487328,
38,23,click,2026-06-06T03:43:19.487328,
38,20,view,2026-06-06T03:52:19.487328,
38,9,add_to_cart,2026-06-06T04:27:19.487328,
38,20,view,2026-06-06T05:18:19.487328,
38,13,click,2026-06-06T05:39:19.487328,
38,21,click,2026-06-06T06:20:19.487328,
38,3,click,2026-06-06T07:07:19.487328,
38,9,click,2026-06-06T07:45:19.487328,
38,4,view,2026-06-06T08:33:19.487328,
38,23,search,2026-06-06T08:44:19.487328,điện thoại pin khỏe
38,11,view,2026-06-06T09:32:19.487328,
38,13,click,2026-06-06T10:12:19.487328,
38,21,click,2026-06-06T10:58:19.487328,
38,25,add_to_cart,2026-06-06T11:28:19.487328,
38,23,view,2026-06-06T12:13:19.487328,
38,25,click,2026-06-06T12:34:19.487328,
38,11,add_to_cart,2026-06-06T13:21:19.487328,
38,10,click,2026-06-06T13:30:19.487328,
39,32,add_to_cart,2026-06-05T21:01:19.487328,
39,10,view,2026-06-05T21:28:19.487328,
39,5,search,2026-06-05T21:51:19.487328,áo thun cotton nam
39,16,click,2026-06-05T22:06:19.487328,
39,14,add_to_cart,2026-06-05T22:23:19.487328,
39,5,click,2026-06-05T23:00:19.487328,
39,6,view,2026-06-05T23:15:19.487328,
39,15,view,2026-06-05T23:22:19.487328,
39,15,view,2026-06-05T23:32:19.487328,
39,28,view,2026-06-05T23:51:19.487328,
39,30,view,2026-06-05T23:54:19.487328,
39,32,view,2026-06-05T23:59:19.487328,
39,6,search,2026-06-06T00:51:19.487328,áo thun cotton nam
39,31,add_to_cart,2026-06-06T01:25:19.487328,
39,16,click,2026-06-06T01:48:19.487328,
39,31,add_to_cart,2026-06-06T01:55:19.487328,
39,27,view,2026-06-06T02:20:19.487328,
39,14,view,2026-06-06T02:44:19.487328,
39,6,click,2026-06-06T03:20:19.487328,
39,29,view,2026-06-06T03:23:19.487328,
39,32,click,2026-06-06T04:07:19.487328,
39,15,add_to_cart,2026-06-06T04:53:19.487328,
39,5,view,2026-06-06T05:42:19.487328,
39,16,view,2026-06-06T06:34:19.487328,
39,29,view,2026-06-06T07:08:19.487328,
39,27,click,2026-06-06T07:31:19.487328,
39,31,click,2026-06-06T08:23:19.487328,
39,6,click,2026-06-06T08:39:19.487328,
39,5,add_to_cart,2026-06-06T09:09:19.487328,
39,30,add_to_cart,2026-06-06T09:59:19.487328,
39,31,click,2026-06-06T10:03:19.487328,
39,15,view,2026-06-06T10:10:19.487328,
40,26,view,2026-06-05T21:16:19.487328,
40,15,view,2026-06-05T21:39:19.487328,
40,5,click,2026-06-05T21:42:19.487328,
40,27,view,2026-06-05T22:22:19.487328,
40,28,view,2026-06-05T22:57:19.487328,
40,16,view,2026-06-05T23:38:19.487328,
40,16,view,2026-06-06T00:05:19.487328,
40,26,click,2026-06-06T00:18:19.487328,
40,6,add_to_cart,2026-06-06T01:11:19.487328,
40,15,add_to_cart,2026-06-06T02:04:19.487328,
40,14,view,2026-06-06T02:16:19.487328,
40,23,click,2026-06-06T02:44:19.487328,
40,21,click,2026-06-06T03:00:19.487328,
40,15,view,2026-06-06T03:16:19.487328,
40,28,view,2026-06-06T03:28:19.487328,
40,14,view,2026-06-06T03:43:19.487328,
40,15,add_to_cart,2026-06-06T03:49:19.487328,
40,31,view,2026-06-06T03:56:19.487328,
40,27,click,2026-06-06T04:11:19.487328,
40,31,view,2026-06-06T04:36:19.487328,
40,22,click,2026-06-06T04:57:19.487328,
40,28,click,2026-06-06T05:31:19.487328,
40,27,click,2026-06-06T06:18:19.487328,
40,32,view,2026-06-06T07:12:19.487328,
40,5,view,2026-06-06T07:35:19.487328,
40,30,click,2026-06-06T08:19:19.487328,
40,16,click,2026-06-06T09:05:19.487328,
41,9,click,2026-06-05T22:09:19.487328,
41,23,add_to_cart,2026-06-05T22:17:19.487328,
41,24,view,2026-06-05T22:32:19.487328,
41,10,view,2026-06-05T23:21:19.487328,
41,13,view,2026-06-06T00:04:19.487328,
41,15,click,2026-06-06T00:56:19.487328,
41,17,click,2026-06-06T01:15:19.487328,
41,22,add_to_cart,2026-06-06T01:59:19.487328,
41,11,click,2026-06-06T02:39:19.487328,
41,10,click,2026-06-06T03:14:19.487328,
41,9,click,2026-06-06T03:17:19.487328,
41,11,view,2026-06-06T04:03:19.487328,
41,10,view,2026-06-06T04:16:19.487328,
41,20,click,2026-06-06T04:28:19.487328,
41,24,view,2026-06-06T04:33:19.487328,
41,22,view,2026-06-06T04:52:19.487328,
41,11,add_to_cart,2026-06-06T05:28:19.487328,
41,24,view,2026-06-06T05:33:19.487328,
41,21,search,2026-06-06T06:21:19.487328,điện thoại pin khỏe
41,4,click,2026-06-06T07:01:19.487328,
41,24,view,2026-06-06T07:28:19.487328,
41,25,view,2026-06-06T08:04:19.487328,
41,20,view,2026-06-06T08:40:19.487328,
41,23,add_to_cart,2026-06-06T09:14:19.487328,
41,4,view,2026-06-06T09:45:19.487328,
41,20,view,2026-06-06T10:05:19.487328,
41,22,click,2026-06-06T10:46:19.487328,
41,11,add_to_cart,2026-06-06T11:15:19.487328,
41,13,click,2026-06-06T11:31:19.487328,
41,9,view,2026-06-06T11:35:19.487328,
41,9,view,2026-06-06T11:48:19.487328,
42,26,search,2026-06-05T19:32:19.487328,balo laptop chống nước
42,5,click,2026-06-05T20:11:19.487328,
42,16,add_to_cart,2026-06-05T20:56:19.487328,
42,14,view,2026-06-05T21:29:19.487328,
42,15,add_to_cart,2026-06-05T21:41:19.487328,
42,16,view,2026-06-05T22:00:19.487328,
42,26,click,2026-06-05T22:41:19.487328,
42,15,view,2026-06-05T22:52:19.487328,
42,31,view,2026-06-05T23:38:19.487328,
42,32,click,2026-06-05T23:52:19.487328,
42,31,click,2026-06-06T00:45:19.487328,
42,15,click,2026-06-06T01:18:19.487328,
42,10,view,2026-06-06T02:13:19.487328,
42,32,click,2026-06-06T02:57:19.487328,
42,16,click,2026-06-06T03:44:19.487328,
42,5,add_to_cart,2026-06-06T04:37:19.487328,
42,28,click,2026-06-06T05:24:19.487328,
42,15,add_to_cart,2026-06-06T05:57:19.487328,
42,5,view,2026-06-06T06:26:19.487328,
42,15,view,2026-06-06T07:19:19.487328,
42,27,view,2026-06-06T07:22:19.487328,
43,21,click,2026-06-05T18:24:19.487328,
43,21,click,2026-06-05T19:01:19.487328,
43,10,view,2026-06-05T19:47:19.487328,
43,10,click,2026-06-05T20:40:19.487328,
43,14,click,2026-06-05T21:18:19.487328,
43,23,add_to_cart,2026-06-05T21:43:19.487328,
43,3,view,2026-06-05T22:28:19.487328,
43,20,view,2026-06-05T22:41:19.487328,
43,3,click,2026-06-05T23:35:19.487328,
43,32,view,2026-06-05T23:41:19.487328,
43,9,view,2026-06-06T00:35:19.487328,
43,20,view,2026-06-06T01:05:19.487328,
43,13,click,2026-06-06T01:13:19.487328,
43,9,click,2026-06-06T01:55:19.487328,
43,4,search,2026-06-06T02:01:19.487328,tai nghe bluetooth chống ồn
43,10,view,2026-06-06T02:32:19.487328,
43,10,view,2026-06-06T02:53:19.487328,
43,4,click,2026-06-06T03:29:19.487328,
43,23,view,2026-06-06T03:34:19.487328,
43,20,search,2026-06-06T03:42:19.487328,tai nghe bluetooth chống ồn
43,3,click,2026-06-06T04:10:19.487328,
43,21,view,2026-06-06T04:58:19.487328,
43,21,add_to_cart,2026-06-06T05:47:19.487328,
43,13,click,2026-06-06T06:04:19.487328,
43,10,view,2026-06-06T06:43:19.487328,
43,20,click,2026-06-06T06:52:19.487328,
43,9,add_to_cart,2026-06-06T07:02:19.487328,
43,14,click,2026-06-06T07:21:19.487328,
43,9,add_to_cart,2026-06-06T07:54:19.487328,
43,13,click,2026-06-06T07:58:19.487328,
43,20,add_to_cart,2026-06-06T08:41:19.487328,
44,22,view,2026-06-06T01:48:19.487328,
44,20,view,2026-06-06T02:09:19.487328,
44,20,click,2026-06-06T02:16:19.487328,
44,23,view,2026-06-06T02:41:19.487328,
44,17,click,2026-06-06T03:31:19.487328,
44,21,view,2026-06-06T04:21:19.487328,
44,9,view,2026-06-06T04:37:19.487328,
44,24,view,2026-06-06T05:02:19.487328,
44,25,search,2026-06-06T05:48:19.487328,laptop giá rẻ học online
44,9,view,2026-06-06T06:21:19.487328,
44,2,click,2026-06-06T06:41:19.487328,
44,9,view,2026-06-06T07:16:19.487328,
44,11,view,2026-06-06T07:27:19.487328,
44,4,view,2026-06-06T08:04:19.487328,
44,9,view,2026-06-06T08:56:19.487328,
44,25,click,2026-06-06T09:32:19.487328,
44,20,view,2026-06-06T10:18:19.487328,
44,10,click,2026-06-06T10:44:19.487328,
44,9,view,2026-06-06T11:03:19.487328,
44,22,view,2026-06-06T11:27:19.487328,
44,13,click,2026-06-06T11:56:19.487328,
44,9,click,2026-06-06T12:16:19.487328,
44,21,view,2026-06-06T13:02:19.487328,
44,13,view,2026-06-06T13:56:19.487328,
44,28,view,2026-06-06T14:11:19.487328,
44,4,add_to_cart,2026-06-06T14:44:19.487328,
44,11,click,2026-06-06T15:20:19.487328,
44,25,view,2026-06-06T15:42:19.487328,
44,22,view,2026-06-06T16:10:19.487328,
44,24,view,2026-06-06T17:05:19.487328,
44,20,click,2026-06-06T17:36:19.487328,
45,2,view,2026-06-05T22:19:19.487328,
45,2,view,2026-06-05T23:00:19.487328,
45,17,view,2026-06-05T23:37:19.487328,
45,2,click,2026-06-06T00:00:19.487328,
45,18,add_to_cart,2026-06-06T00:31:19.487328,
45,19,click,2026-06-06T00:44:19.487328,
45,19,click,2026-06-06T01:27:19.487328,
45,17,view,2026-06-06T01:35:19.487328,
45,2,view,2026-06-06T02:19:19.487328,
45,1,view,2026-06-06T02:47:19.487328,
45,8,click,2026-06-06T03:13:19.487328,
45,18,view,2026-06-06T03:42:19.487328,
45,2,view,2026-06-06T04:31:19.487328,
45,8,click,2026-06-06T05:18:19.487328,
45,17,view,2026-06-06T05:27:19.487328,
45,7,view,2026-06-06T06:05:19.487328,
45,7,search,2026-06-06T06:56:19.487328,sách lập trình dễ hiểu
45,17,click,2026-06-06T07:04:19.487328,
45,2,view,2026-06-06T07:21:19.487328,
45,19,view,2026-06-06T07:32:19.487328,
45,17,click,2026-06-06T07:37:19.487328,
45,17,click,2026-06-06T08:10:19.487328,
45,9,click,2026-06-06T08:48:19.487328,
45,2,view,2026-06-06T09:25:19.487328,
45,7,click,2026-06-06T10:15:19.487328,
45,17,click,2026-06-06T10:58:19.487328,
45,8,click,2026-06-06T11:31:19.487328,
45,17,view,2026-06-06T11:53:19.487328,
46,32,add_to_cart,2026-06-06T02:13:19.487328,
46,17,search,2026-06-06T03:00:19.487328,áo thun cotton nam
46,32,add_to_cart,2026-06-06T03:03:19.487328,
46,15,view,2026-06-06T03:41:19.487328,
46,5,view,2026-06-06T04:11:19.487328,
46,28,view,2026-06-06T04:55:19.487328,
46,14,click,2026-06-06T05:03:19.487328,
46,6,click,2026-06-06T05:57:19.487328,
46,29,click,2026-06-06T06:47:19.487328,
46,6,view,2026-06-06T06:54:19.487328,
46,14,click,2026-06-06T07:26:19.487328,
46,32,view,2026-06-06T08:00:19.487328,
46,23,view,2026-06-06T08:37:19.487328,
46,32,view,2026-06-06T08:57:19.487328,
46,29,view,2026-06-06T09:14:19.487328,
46,16,click,2026-06-06T09:38:19.487328,
46,27,click,2026-06-06T10:04:19.487328,
46,26,add_to_cart,2026-06-06T10:12:19.487328,
46,28,click,2026-06-06T10:19:19.487328,
46,5,view,2026-06-06T11:14:19.487328,
47,16,click,2026-06-06T00:14:19.487328,
47,6,add_to_cart,2026-06-06T01:04:19.487328,
47,5,search,2026-06-06T01:26:19.487328,giày chạy bộ giá tốt
47,28,search,2026-06-06T02:16:19.487328,áo thun cotton nam
47,32,view,2026-06-06T02:59:19.487328,
47,6,view,2026-06-06T03:44:19.487328,
47,28,view,2026-06-06T04:14:19.487328,
47,32,view,2026-06-06T04:54:19.487328,
47,5,click,2026-06-06T04:59:19.487328,
47,29,view,2026-06-06T05:40:19.487328,
47,27,click,2026-06-06T05:53:19.487328,
47,6,click,2026-06-06T06:44:19.487328,
47,30,click,2026-06-06T06:56:19.487328,
47,6,view,2026-06-06T07:30:19.487328,
47,32,add_to_cart,2026-06-06T08:14:19.487328,
47,28,view,2026-06-06T09:01:19.487328,
47,28,click,2026-06-06T09:06:19.487328,
47,30,click,2026-06-06T09:43:19.487328,
47,28,view,2026-06-06T10:20:19.487328,
47,16,add_to_cart,2026-06-06T11:01:19.487328,
47,6,add_to_cart,2026-06-06T11:22:19.487328,
47,32,view,2026-06-06T11:57:19.487328,
47,31,add_to_cart,2026-06-06T12:39:19.487328,
47,29,search,2026-06-06T13:24:19.487328,balo laptop chống nước
47,14,click,2026-06-06T14:10:19.487328,
47,31,view,2026-06-06T14:31:19.487328,
47,30,click,2026-06-06T14:40:19.487328,
47,32,add_to_cart,2026-06-06T14:54:19.487328,
47,16,click,2026-06-06T15:33:19.487328,
47,32,click,2026-06-06T16:09:19.487328,
47,32,view,2026-06-06T16:35:19.487328,
47,5,click,2026-06-06T16:51:19.487328,
48,19,click,2026-06-05T17:51:19.487328,
48,14,view,2026-06-05T18:46:19.487328,
48,28,click,2026-06-05T19:06:19.487328,
48,29,search,2026-06-05T19:13:19.487328,giày chạy bộ giá tốt
48,29,view,2026-06-05T20:02:19.487328,
48,30,click,2026-06-05T20:38:19.487328,
48,31,click,2026-06-05T21:16:19.487328,
48,16,click,2026-06-05T22:08:19.487328,
48,30,click,2026-06-05T22:55:19.487328,
48,27,view,2026-06-05T23:48:19.487328,
48,18,view,2026-06-06T00:33:19.487328,
48,27,add_to_cart,2026-06-06T00:58:19.487328,
48,29,add_to_cart,2026-06-06T01:27:19.487328,
48,15,click,2026-06-06T02:06:19.487328,
48,18,view,2026-06-06T02:56:19.487328,
48,28,view,2026-06-06T03:24:19.487328,
48,28,view,2026-06-06T04:05:19.487328,
48,27,view,2026-06-06T04:08:19.487328,
48,15,add_to_cart,2026-06-06T04:12:19.487328,
48,28,click,2026-06-06T04:47:19.487328,
48,30,view,2026-06-06T04:56:19.487328,
48,29,view,2026-06-06T05:15:19.487328,
48,29,add_to_cart,2026-06-06T05:34:19.487328,
48,16,view,2026-06-06T06:23:19.487328,
48,5,click,2026-06-06T06:37:19.487328,
48,5,add_to_cart,2026-06-06T07:16:19.487328,
48,32,click,2026-06-06T08:10:19.487328,
48,26,view,2026-06-06T09:02:19.487328,
48,29,search,2026-06-06T09:31:19.487328,balo laptop chống nước
48,11,add_to_cart,2026-06-06T10:15:19.487328,
48,27,view,2026-06-06T10:42:19.487328,
48,5,click,2026-06-06T11:19:19.487328,
48,26,view,2026-06-06T11:36:19.487328,
48,28,add_to_cart,2026-06-06T12:07:19.487328,
49,25,view,2026-06-05T19:02:19.487328,
49,10,view,2026-06-05T19:40:19.487328,
49,22,add_to_cart,2026-06-05T20:10:19.487328,
49,10,view,2026-06-05T20:44:19.487328,
49,22,search,2026-06-05T21:26:19.487328,laptop giá rẻ học online
49,4,add_to_cart,2026-06-05T21:46:19.487328,
49,20,click,2026-06-05T22:15:19.487328,
49,21,click,2026-06-05T22:40:19.487328,
49,11,search,2026-06-05T22:53:19.487328,laptop văn phòng pin trâu
49,22,view,2026-06-05T23:24:19.487328,
49,24,view,2026-06-06T00:10:19.487328,
49,9,click,2026-06-06T00:20:19.487328,
49,24,add_to_cart,2026-06-06T00:32:19.487328,
49,22,click,2026-06-06T00:54:19.487328,
49,10,click,2026-06-06T01:44:19.487328,
49,3,view,2026-06-06T02:35:19.487328,
49,13,click,2026-06-06T02:47:19.487328,
49,21,add_to_cart,2026-06-06T03:27:19.487328,
49,25,add_to_cart,2026-06-06T03:42:19.487328,
49,4,view,2026-06-06T03:49:19.487328,
49,13,add_to_cart,2026-06-06T04:15:19.487328,
49,20,search,2026-06-06T04:50:19.487328,tai nghe bluetooth chống ồn
49,10,click,2026-06-06T05:31:19.487328,
49,25,click,2026-06-06T06:03:19.487328,
50,32,click,2026-06-05T21:59:19.487328,
50,28,click,2026-06-05T22:24:19.487328,
50,24,search,2026-06-05T22:42:19.487328,giày chạy bộ giá tốt
50,32,view,2026-06-05T23:25:19.487328,
50,27,search,2026-06-06T00:03:19.487328,áo thun cotton nam
50,15,view,2026-06-06T00:48:19.487328,
50,29,click,2026-06-06T01:34:19.487328,
50,28,view,2026-06-06T02:03:19.487328,
50,29,view,2026-06-06T02:44:19.487328,
50,29,view,2026-06-06T03:28:19.487328,
50,15,view,2026-06-06T03:39:19.487328,
50,7,click,2026-06-06T03:50:19.487328,
50,30,click,2026-06-06T04:02:19.487328,
50,5,view,2026-06-06T04:25:19.487328,
50,30,view,2026-06-06T04:35:19.487328,
50,26,view,2026-06-06T05:24:19.487328,
50,6,view,2026-06-06T05:53:19.487328,
50,31,view,2026-06-06T06:43:19.487328,
50,14,view,2026-06-06T06:54:19.487328,
50,29,view,2026-06-06T07:36:19.487328,
50,27,view,2026-06-06T08:17:19.487328,
50,15,click,2026-06-06T08:25:19.487328,
50,30,click,2026-06-06T09:06:19.487328,
50,29,click,2026-06-06T09:33:19.487328,
50,32,view,2026-06-06T09:50:19.487328,
50,6,search,2026-06-06T10:10:19.487328,giày chạy bộ giá tốt
50,16,view,2026-06-06T11:01:19.487328,
50,16,click,2026-06-06T11:43:19.487328,
50,14,click,2026-06-06T12:01:19.487328,
50,5,add_to_cart,2026-06-06T12:51:19.487328,
50,5,click,2026-06-06T13:30:19.487328,
50,16,view,2026-06-06T14:23:19.487328,
50,26,add_to_cart,2026-06-06T15:18:19.487328,
50,6,view,2026-06-06T16:08:19.487328,
50,28,view,2026-06-06T16:14:19.487328,
50,32,add_to_cart,2026-06-06T17:06:19.487328,
51,18,add_to_cart,2026-06-05T19:20:19.487328,
51,7,click,2026-06-05T20:12:19.487328,
51,19,view,2026-06-05T20:23:19.487328,
51,18,click,2026-06-05T20:37:19.487328,
51,2,view,2026-06-05T21:09:19.487328,
51,2,add_to_cart,2026-06-05T21:57:19.487328,
51,2,click,2026-06-05T22:28:19.487328,
51,13,click,2026-06-05T22:55:19.487328,
51,1,view,2026-06-05T23:08:19.487328,
51,2,add_to_cart,2026-06-05T23:21:19.487328,
51,17,add_to_cart,2026-06-05T23:34:19.487328,
51,23,click,2026-06-05T23:56:19.487328,
51,18,view,2026-06-06T00:39:19.487328,
51,8,click,2026-06-06T00:42:19.487328,
51,8,add_to_cart,2026-06-06T01:16:19.487328,
51,8,view,2026-06-06T01:34:19.487328,
51,19,click,2026-06-06T02:03:19.487328,
51,1,add_to_cart,2026-06-06T02:21:19.487328,
51,2,view,2026-06-06T02:37:19.487328,
51,2,view,2026-06-06T03:02:19.487328,
51,8,add_to_cart,2026-06-06T03:41:19.487328,
51,2,view,2026-06-06T03:55:19.487328,
51,7,click,2026-06-06T04:42:19.487328,
51,17,search,2026-06-06T04:56:19.487328,sách lập trình dễ hiểu
51,8,add_to_cart,2026-06-06T05:04:19.487328,
51,17,click,2026-06-06T05:55:19.487328,
51,17,view,2026-06-06T06:28:19.487328,
51,2,click,2026-06-06T06:52:19.487328,
51,2,click,2026-06-06T07:08:19.487328,
51,2,click,2026-06-06T07:51:19.487328,
51,2,click,2026-06-06T08:38:19.487328,
51,17,click,2026-06-06T08:59:19.487328,
51,18,click,2026-06-06T09:35:19.487328,
51,2,click,2026-06-06T10:17:19.487328,
51,7,click,2026-06-06T10:51:19.487328,
51,32,click,2026-06-06T11:08:19.487328,
52,29,add_to_cart,2026-06-06T01:02:19.487328,
52,15,view,2026-06-06T01:31:19.487328,
52,29,click,2026-06-06T02:25:19.487328,
52,28,view,2026-06-06T03:12:19.487328,
52,32,click,2026-06-06T03:34:19.487328,
52,5,click,2026-06-06T03:44:19.487328,
52,30,click,2026-06-06T04:23:19.487328,
52,6,view,2026-06-06T04:38:19.487328,
52,30,add_to_cart,2026-06-06T05:11:19.487328,
52,27,click,2026-06-06T05:54:19.487328,
52,15,add_to_cart,2026-06-06T06:26:19.487328,
52,15,click,2026-06-06T06:48:19.487328,
52,27,view,2026-06-06T07:25:19.487328,
52,31,add_to_cart,2026-06-06T08:19:19.487328,
52,30,add_to_cart,2026-06-06T08:39:19.487328,
52,31,click,2026-06-06T09:18:19.487328,
52,28,add_to_cart,2026-06-06T10:11:19.487328,
52,27,view,2026-06-06T10:40:19.487328,
52,31,add_to_cart,2026-06-06T11:11:19.487328,
52,32,add_to_cart,2026-06-06T11:37:19.487328,
53,10,view,2026-06-05T19:15:19.487328,
53,24,add_to_cart,2026-06-05T19:37:19.487328,
53,3,click,2026-06-05T20:13:19.487328,
53,10,click,2026-06-05T20:18:19.487328,
53,10,view,2026-06-05T20:28:19.487328,
53,4,add_to_cart,2026-06-05T21:09:19.487328,
53,21,view,2026-06-05T21:59:19.487328,
53,10,add_to_cart,2026-06-05T22:42:19.487328,
53,21,add_to_cart,2026-06-05T23:05:19.487328,
53,10,view,2026-06-05T23:15:19.487328,
53,20,view,2026-06-05T23:24:19.487328,
53,21,view,2026-06-05T23:44:19.487328,
53,9,view,2026-06-06T00:23:19.487328,
53,25,click,2026-06-06T00:47:19.487328,
53,13,add_to_cart,2026-06-06T01:20:19.487328,
53,9,view,2026-06-06T01:48:19.487328,
53,20,add_to_cart,2026-06-06T02:31:19.487328,
53,10,view,2026-06-06T03:26:19.487328,
53,11,search,2026-06-06T03:34:19.487328,laptop văn phòng pin trâu
53,21,add_to_cart,2026-06-06T03:42:19.487328,
53,11,click,2026-06-06T04:28:19.487328,
53,9,search,2026-06-06T04:45:19.487328,điện thoại pin khỏe
53,4,view,2026-06-06T05:11:19.487328,
53,24,add_to_cart,2026-06-06T05:35:19.487328,
53,23,view,2026-06-06T06:08:19.487328,
53,13,add_to_cart,2026-06-06T06:29:19.487328,
53,10,click,2026-06-06T07:24:19.487328,
53,11,view,2026-06-06T08:08:19.487328,
53,22,click,2026-06-06T08:36:19.487328,
53,24,view,2026-06-06T09:14:19.487328,
53,13,view,2026-06-06T09:38:19.487328,
53,20,search,2026-06-06T10:31:19.487328,laptop văn phòng pin trâu
53,3,click,2026-06-06T10:45:19.487328,
53,10,add_to_cart,2026-06-06T11:24:19.487328,
53,24,add_to_cart,2026-06-06T11:33:19.487328,
53,4,add_to_cart,2026-06-06T12:19:19.487328,
54,19,add_to_cart,2026-06-05T18:11:19.487328,
54,7,view,2026-06-05T19:02:19.487328,
54,18,view,2026-06-05T19:23:19.487328,
54,7,click,2026-06-05T19:39:19.487328,
54,17,add_to_cart,2026-06-05T20:32:19.487328,
54,7,click,2026-06-05T20:40:19.487328,
54,7,add_to_cart,2026-06-05T21:08:19.487328,
54,17,view,2026-06-05T21:14:19.487328,
54,7,add_to_cart,2026-06-05T21:24:19.487328,
54,8,click,2026-06-05T21:52:19.487328,
54,18,click,2026-06-05T22:19:19.487328,
54,1,view,2026-06-05T22:52:19.487328,
54,18,add_to_cart,2026-06-05T23:18:19.487328,
54,2,view,2026-06-05T23:21:19.487328,
54,28,click,2026-06-05T23:55:19.487328,
54,1,view,2026-06-06T00:03:19.487328,
54,8,add_to_cart,2026-06-06T00:35:19.487328,
54,8,click,2026-06-06T01:10:19.487328,
54,19,view,2026-06-06T01:35:19.487328,
54,2,click,2026-06-06T02:14:19.487328,
54,14,view,2026-06-06T02:49:19.487328,
55,9,click,2026-06-05T17:40:19.487328,
55,3,search,2026-06-05T18:13:19.487328,điện thoại pin khỏe
55,9,click,2026-06-05T18:45:19.487328,
55,4,view,2026-06-05T18:53:19.487328,
55,9,view,2026-06-05T19:38:19.487328,
55,15,click,2026-06-05T20:00:19.487328,
55,11,view,2026-06-05T20:52:19.487328,
55,21,click,2026-06-05T21:31:19.487328,
55,9,view,2026-06-05T21:52:19.487328,
55,21,view,2026-06-05T22:42:19.487328,
55,9,click,2026-06-05T22:48:19.487328,
55,3,click,2026-06-05T22:54:19.487328,
55,23,view,2026-06-05T23:36:19.487328,
55,21,view,2026-06-06T00:11:19.487328,
55,21,click,2026-06-06T00:22:19.487328,
55,9,click,2026-06-06T00:25:19.487328,
55,23,view,2026-06-06T01:15:19.487328,
55,23,add_to_cart,2026-06-06T01:34:19.487328,
55,23,view,2026-06-06T01:39:19.487328,
55,11,search,2026-06-06T02:20:19.487328,tai nghe bluetooth chống ồn
55,3,view,2026-06-06T03:12:19.487328,
56,2,click,2026-06-05T20:37:19.487328,
56,8,add_to_cart,2026-06-05T20:56:19.487328,
56,2,click,2026-06-05T21:18:19.487328,
56,8,view,2026-06-05T21:55:19.487328,
56,8,view,2026-06-05T22:28:19.487328,
56,8,view,2026-06-05T22:31:19.487328,
56,19,view,2026-06-05T23:17:19.487328,
56,2,add_to_cart,2026-06-05T23:26:19.487328,
56,19,view,2026-06-05T23:46:19.487328,
56,1,click,2026-06-06T00:05:19.487328,
56,7,click,2026-06-06T00:51:19.487328,
56,2,view,2026-06-06T01:43:19.487328,
56,19,view,2026-06-06T01:57:19.487328,
56,19,view,2026-06-06T02:04:19.487328,
56,17,click,2026-06-06T02:50:19.487328,
56,19,view,2026-06-06T03:09:19.487328,
56,1,search,2026-06-06T03:15:19.487328,sách lập trình dễ hiểu
56,19,click,2026-06-06T03:56:19.487328,
56,2,add_to_cart,2026-06-06T04:04:19.487328,
56,3,click,2026-06-06T04:48:19.487328,
56,8,click,2026-06-06T04:58:19.487328,
56,17,search,2026-06-06T05:43:19.487328,sách thuật toán cho sinh viên
56,1,add_to_cart,2026-06-06T06:30:19.487328,
56,8,view,2026-06-06T06:37:19.487328,
56,1,search,2026-06-06T07:01:19.487328,sách thuật toán cho sinh viên
57,26,search,2026-06-05T18:08:19.487328,giày chạy bộ giá tốt
57,26,click,2026-06-05T18:52:19.487328,
57,16,click,2026-06-05T19:08:19.487328,
57,31,view,2026-06-05T19:56:19.487328,
57,32,click,2026-06-05T20:35:19.487328,
57,32,view,2026-06-05T21:09:19.487328,
57,27,view,2026-06-05T21:54:19.487328,
57,16,click,2026-06-05T22:22:19.487328,
57,31,click,2026-06-05T22:55:19.487328,
57,5,view,2026-06-05T23:32:19.487328,
57,15,add_to_cart,2026-06-06T00:27:19.487328,
57,32,view,2026-06-06T00:52:19.487328,
57,27,search,2026-06-06T01:35:19.487328,balo laptop chống nước
57,28,view,2026-06-06T01:59:19.487328,
57,26,view,2026-06-06T02:43:19.487328,
57,31,view,2026-06-06T03:28:19.487328,
57,6,click,2026-06-06T04:11:19.487328,
57,29,click,2026-06-06T04:42:19.487328,
57,16,click,2026-06-06T04:46:19.487328,
57,28,view,2026-06-06T05:13:19.487328,
57,16,click,2026-06-06T05:47:19.487328,
57,5,view,2026-06-06T05:51:19.487328,
57,6,view,2026-06-06T05:56:19.487328,
57,4,click,2026-06-06T06:41:19.487328,
57,31,view,2026-06-06T07:18:19.487328,
57,32,click,2026-06-06T07:23:19.487328,
57,30,add_to_cart,2026-06-06T07:56:19.487328,
57,28,view,2026-06-06T07:59:19.487328,
57,30,add_to_cart,2026-06-06T08:54:19.487328,
57,14,add_to_cart,2026-06-06T09:01:19.487328,
57,27,view,2026-06-06T09:18:19.487328,
57,6,add_to_cart,2026-06-06T10:12:19.487328,
57,29,click,2026-06-06T10:51:19.487328,
57,31,view,2026-06-06T11:42:19.487328,
58,15,view,2026-06-05T19:38:19.487328,
58,31,click,2026-06-05T19:51:19.487328,
58,14,view,2026-06-05T20:02:19.487328,
58,32,add_to_cart,2026-06-05T20:29:19.487328,
58,14,search,2026-06-05T20:43:19.487328,áo thun cotton nam
58,16,click,2026-06-05T21:12:19.487328,
58,28,view,2026-06-05T21:59:19.487328,
58,30,click,2026-06-05T22:35:19.487328,
58,5,click,2026-06-05T23:17:19.487328,
58,28,click,2026-06-05T23:51:19.487328,
58,29,view,2026-06-06T00:16:19.487328,
58,13,search,2026-06-06T00:26:19.487328,áo thun cotton nam
58,16,search,2026-06-06T01:17:19.487328,balo laptop chống nước
58,31,view,2026-06-06T02:02:19.487328,
58,16,view,2026-06-06T02:55:19.487328,
58,32,view,2026-06-06T03:29:19.487328,
58,26,click,2026-06-06T03:35:19.487328,
58,16,view,2026-06-06T03:54:19.487328,
58,15,view,2026-06-06T03:59:19.487328,
58,15,view,2026-06-06T04:13:19.487328,
58,16,view,2026-06-06T04:23:19.487328,
58,5,click,2026-06-06T05:03:19.487328,
58,31,add_to_cart,2026-06-06T05:49:19.487328,
58,26,click,2026-06-06T06:07:19.487328,
58,32,view,2026-06-06T06:24:19.487328,
58,18,view,2026-06-06T06:54:19.487328,
58,5,view,2026-06-06T07:08:19.487328,
58,26,click,2026-06-06T07:23:19.487328,
59,24,click,2026-06-05T17:42:19.487328,
59,20,click,2026-06-05T18:14:19.487328,
59,4,add_to_cart,2026-06-05T18:31:19.487328,
59,22,click,2026-06-05T18:44:19.487328,
59,22,view,2026-06-05T18:52:19.487328,
59,25,click,2026-06-05T19:32:19.487328,
59,22,click,2026-06-05T20:21:19.487328,
59,9,click,2026-06-05T20:44:19.487328,
59,13,add_to_cart,2026-06-05T20:56:19.487328,
59,10,search,2026-06-05T21:01:19.487328,laptop giá rẻ học online
59,3,click,2026-06-05T21:31:19.487328,
59,24,view,2026-06-05T22:26:19.487328,
59,13,add_to_cart,2026-06-05T23:04:19.487328,
59,24,view,2026-06-05T23:15:19.487328,
59,3,click,2026-06-05T23:19:19.487328,
59,25,add_to_cart,2026-06-05T23:51:19.487328,
59,20,add_to_cart,2026-06-06T00:23:19.487328,
59,4,click,2026-06-06T01:06:19.487328,
59,10,view,2026-06-06T01:13:19.487328,
59,3,view,2026-06-06T01:18:19.487328,
59,4,click,2026-06-06T02:00:19.487328,
59,25,click,2026-06-06T02:08:19.487328,
59,25,search,2026-06-06T02:43:19.487328,laptop giá rẻ học online
59,20,view,2026-06-06T03:10:19.487328,
60,22,view,2026-06-06T02:43:19.487328,
60,24,search,2026-06-06T02:54:19.487328,tai nghe bluetooth chống ồn
60,3,search,2026-06-06T03:44:19.487328,laptop văn phòng pin trâu
60,20,click,2026-06-06T04:35:19.487328,
60,25,click,2026-06-06T04:55:19.487328,
60,10,view,2026-06-06T05:02:19.487328,
60,10,add_to_cart,2026-06-06T05:38:19.487328,
60,4,click,2026-06-06T05:59:19.487328,
60,11,add_to_cart,2026-06-06T06:46:19.487328,
60,21,view,2026-06-06T06:54:19.487328,
60,3,view,2026-06-06T07:01:19.487328,
60,10,click,2026-06-06T07:13:19.487328,
60,4,view,2026-06-06T07:56:19.487328,
60,13,search,2026-06-06T08:33:19.487328,tai nghe bluetooth chống ồn
60,24,click,2026-06-06T09:23:19.487328,
60,13,add_to_cart,2026-06-06T09:27:19.487328,
60,20,view,2026-06-06T10:07:19.487328,
60,10,click,2026-06-06T10:41:19.487328,
60,21,click,2026-06-06T11:12:19.487328,
60,20,add_to_cart,2026-06-06T11:25:19.487328,
60,23,add_to_cart,2026-06-06T12:17:19.487328,
60,21,search,2026-06-06T12:59:19.487328,laptop văn phòng pin trâu
60,4,add_to_cart,2026-06-06T13:13:19.487328,
60,20,view,2026-06-06T13:26:19.487328,
60,23,view,2026-06-06T14:05:19.487328,
61,30,view,2026-06-05T22:12:19.487328,
61,20,view,2026-06-05T22:49:19.487328,
61,32,add_to_cart,2026-06-05T23:23:19.487328,
61,6,click,2026-06-06T00:13:19.487328,
61,14,view,2026-06-06T01:01:19.487328,
61,16,view,2026-06-06T01:46:19.487328,
61,32,click,2026-06-06T02:10:19.487328,
61,32,click,2026-06-06T02:21:19.487328,
61,27,click,2026-06-06T02:49:19.487328,
61,29,view,2026-06-06T02:57:19.487328,
61,28,click,2026-06-06T03:37:19.487328,
61,16,view,2026-06-06T03:52:19.487328,
61,15,click,2026-06-06T04:38:19.487328,
61,14,view,2026-06-06T05:06:19.487328,
61,21,search,2026-06-06T05:41:19.487328,áo thun cotton nam
61,26,click,2026-06-06T05:53:19.487328,
61,28,view,2026-06-06T06:19:19.487328,
61,5,add_to_cart,2026-06-06T06:50:19.487328,
61,28,search,2026-06-06T07:40:19.487328,giày chạy bộ giá tốt
61,5,click,2026-06-06T08:34:19.487328,
61,31,view,2026-06-06T09:03:19.487328,
62,27,search,2026-06-05T22:06:19.487328,giày chạy bộ giá tốt
62,28,add_to_cart,2026-06-05T22:46:19.487328,
62,14,view,2026-06-05T23:15:19.487328,
62,16,add_to_cart,2026-06-06T00:06:19.487328,
62,15,add_to_cart,2026-06-06T00:11:19.487328,
62,32,click,2026-06-06T01:01:19.487328,
62,5,view,2026-06-06T01:13:19.487328,
62,28,click,2026-06-06T01:56:19.487328,
62,11,view,2026-06-06T02:25:19.487328,
62,16,view,2026-06-06T02:43:19.487328,
62,16,click,2026-06-06T02:50:19.487328,
62,6,click,2026-06-06T03:29:19.487328,
62,27,search,2026-06-06T04:02:19.487328,balo laptop chống nước
62,30,click,2026-06-06T04:51:19.487328,
62,5,view,2026-06-06T05:31:19.487328,
62,27,view,2026-06-06T05:42:19.487328,
62,31,click,2026-06-06T06:11:19.487328,
62,31,view,2026-06-06T06:32:19.487328,
62,31,view,2026-06-06T07:07:19.487328,
62,27,add_to_cart,2026-06-06T07:48:19.487328,
62,31,add_to_cart,2026-06-06T08:34:19.487328,
62,32,click,2026-06-06T09:11:19.487328,
62,16,click,2026-06-06T09:22:19.487328,
62,29,view,2026-06-06T09:51:19.487328,
62,29,view,2026-06-06T10:07:19.487328,
62,15,add_to_cart,2026-06-06T11:00:19.487328,
63,18,add_to_cart,2026-06-06T00:02:19.487328,
63,18,view,2026-06-06T00:35:19.487328,
63,16,click,2026-06-06T01:30:19.487328,
63,17,search,2026-06-06T02:21:19.487328,sách lập trình dễ hiểu
63,2,add_to_cart,2026-06-06T03:11:19.487328,
63,19,view,2026-06-06T03:28:19.487328,
63,19,click,2026-06-06T03:58:19.487328,
63,19,add_to_cart,2026-06-06T04:02:19.487328,
63,8,click,2026-06-06T04:55:19.487328,
63,1,add_to_cart,2026-06-06T05:05:19.487328,
63,18,add_to_cart,2026-06-06T05:14:19.487328,
63,18,click,2026-06-06T05:28:19.487328,
63,21,search,2026-06-06T06:18:19.487328,sách thuật toán cho sinh viên
63,7,add_to_cart,2026-06-06T06:31:19.487328,
63,19,view,2026-06-06T06:38:19.487328,
63,17,view,2026-06-06T07:14:19.487328,
63,18,add_to_cart,2026-06-06T07:27:19.487328,
63,8,add_to_cart,2026-06-06T08:02:19.487328,
63,17,search,2026-06-06T08:48:19.487328,sách thuật toán cho sinh viên
63,19,view,2026-06-06T09:18:19.487328,
63,19,search,2026-06-06T10:09:19.487328,sách hệ thống phân tán
63,17,click,2026-06-06T10:20:19.487328,
63,8,click,2026-06-06T10:58:19.487328,
64,16,click,2026-06-05T21:45:19.487328,
64,26,click,2026-06-05T22:02:19.487328,
64,16,add_to_cart,2026-06-05T22:17:19.487328,
64,17,view,2026-06-05T22:43:19.487328,
64,6,view,2026-06-05T23:29:19.487328,
64,26,view,2026-06-06T00:15:19.487328,
64,30,click,2026-06-06T01:02:19.487328,
64,29,view,2026-06-06T01:09:19.487328,
64,29,add_to_cart,2026-06-06T01:50:19.487328,
64,14,click,2026-06-06T02:39:19.487328,
64,6,view,2026-06-06T03:19:19.487328,
64,26,view,2026-06-06T03:47:19.487328,
64,16,click,2026-06-06T04:21:19.487328,
64,29,view,2026-06-06T04:30:19.487328,
64,5,search,2026-06-06T05:13:19.487328,giày chạy bộ giá tốt
64,30,click,2026-06-06T05:20:19.487328,
64,28,click,2026-06-06T05:47:19.487328,
64,6,click,2026-06-06T06:29:19.487328,
64,16,click,2026-06-06T07:20:19.487328,
64,15,view,2026-06-06T07:35:19.487328,
64,15,click,2026-06-06T07:54:19.487328,
64,26,view,2026-06-06T08:31:19.487328,
64,26,view,2026-06-06T08:41:19.487328,
64,15,click,2026-06-06T09:12:19.487328,
64,26,add_to_cart,2026-06-06T09:57:19.487328,
64,31,view,2026-06-06T10:08:19.487328,
64,6,click,2026-06-06T10:47:19.487328,
64,30,click,2026-06-06T11:24:19.487328,
64,14,view,2026-06-06T11:59:19.487328,
64,28,click,2026-06-06T12:26:19.487328,
64,30,view,2026-06-06T12:49:19.487328,
64,32,view,2026-06-06T13:15:19.487328,
65,19,click,2026-06-05T23:01:19.487328,
65,18,view,2026-06-05T23:26:19.487328,
65,2,view,2026-06-06T00:10:19.487328,
65,17,add_to_cart,2026-06-06T00:17:19.487328,
65,7,click,2026-06-06T00:22:19.487328,
65,19,add_to_cart,2026-06-06T00:57:19.487328,
65,7,view,2026-06-06T01:20:19.487328,
65,8,add_to_cart,2026-06-06T01:29:19.487328,
65,17,add_to_cart,2026-06-06T02:04:19.487328,
65,1,view,2026-06-06T02:34:19.487328,
65,17,add_to_cart,2026-06-06T02:41:19.487328,
65,2,view,2026-06-06T03:20:19.487328,
65,7,click,2026-06-06T03:28:19.487328,
65,7,view,2026-06-06T03:52:19.487328,
65,19,click,2026-06-06T04:25:19.487328,
65,7,add_to_cart,2026-06-06T05:09:19.487328,
65,7,view,2026-06-06T05:32:19.487328,
65,18,click,2026-06-06T06:07:19.487328,
65,18,click,2026-06-06T06:11:19.487328,
65,1,click,2026-06-06T06:50:19.487328,
65,2,search,2026-06-06T07:40:19.487328,sách hệ thống phân tán
65,8,click,2026-06-06T08:34:19.487328,
65,18,click,2026-06-06T09:13:19.487328,
65,2,click,2026-06-06T09:39:19.487328,
65,1,add_to_cart,2026-06-06T10:25:19.487328,
65,17,click,2026-06-06T10:32:19.487328,
65,2,view,2026-06-06T11:27:19.487328,
65,18,view,2026-06-06T12:08:19.487328,
65,17,view,2026-06-06T12:23:19.487328,
65,19,click,2026-06-06T12:55:19.487328,
66,1,view,2026-06-05T20:02:19.487328,
66,2,view,2026-06-05T20:56:19.487328,
66,19,search,2026-06-05T21:01:19.487328,sách lập trình dễ hiểu
66,19,view,2026-06-05T21:09:19.487328,
66,1,add_to_cart,2026-06-05T21:38:19.487328,
66,19,add_to_cart,2026-06-05T22:27:19.487328,
66,1,click,2026-06-05T23:03:19.487328,
66,18,view,2026-06-05T23:39:19.487328,
66,17,view,2026-06-06T00:20:19.487328,
66,2,click,2026-06-06T01:00:19.487328,
66,19,search,2026-06-06T01:18:19.487328,sách lập trình dễ hiểu
66,17,search,2026-06-06T01:34:19.487328,sách hệ thống phân tán
66,19,click,2026-06-06T01:40:19.487328,
66,18,click,2026-06-06T02:03:19.487328,
66,17,add_to_cart,2026-06-06T02:23:19.487328,
66,7,view,2026-06-06T03:18:19.487328,
66,1,add_to_cart,2026-06-06T03:23:19.487328,
66,17,view,2026-06-06T04:08:19.487328,
66,1,search,2026-06-06T04:51:19.487328,sách hệ thống phân tán
66,8,click,2026-06-06T05:01:19.487328,
66,2,view,2026-06-06T05:28:19.487328,
67,23,add_to_cart,2026-06-05T18:50:19.487328,
67,4,view,2026-06-05T19:33:19.487328,
67,24,add_to_cart,2026-06-05T20:02:19.487328,
67,20,click,2026-06-05T20:36:19.487328,
67,29,click,2026-06-05T21:24:19.487328,
67,24,view,2026-06-05T22:19:19.487328,
67,10,click,2026-06-05T22:44:19.487328,
67,25,view,2026-06-05T23:34:19.487328,
67,4,click,2026-06-06T00:18:19.487328,
67,21,view,2026-06-06T00:29:19.487328,
67,22,click,2026-06-06T00:52:19.487328,
67,4,click,2026-06-06T01:28:19.487328,
67,13,view,2026-06-06T02:19:19.487328,
67,3,search,2026-06-06T03:12:19.487328,laptop văn phòng pin trâu
67,20,view,2026-06-06T03:31:19.487328,
67,20,view,2026-06-06T04:25:19.487328,
67,9,view,2026-06-06T04:39:19.487328,
67,10,view,2026-06-06T04:56:19.487328,
67,24,click,2026-06-06T05:40:19.487328,
67,23,view,2026-06-06T06:12:19.487328,
67,21,view,2026-06-06T06:18:19.487328,
67,9,view,2026-06-06T06:30:19.487328,
67,11,view,2026-06-06T06:40:19.487328,
67,3,click,2026-06-06T07:35:19.487328,
67,21,view,2026-06-06T07:51:19.487328,
67,13,click,2026-06-06T08:12:19.487328,
67,23,click,2026-06-06T08:28:19.487328,
67,13,click,2026-06-06T09:17:19.487328,
67,21,view,2026-06-06T10:10:19.487328,
68,31,click,2026-06-05T21:03:19.487328,
68,5,click,2026-06-05T21:06:19.487328,
68,5,click,2026-06-05T21:34:19.487328,
68,31,click,2026-06-05T22:04:19.487328,
68,29,view,2026-06-05T22:42:19.487328,
68,14,add_to_cart,2026-06-05T23:15:19.487328,
68,28,click,2026-06-06T00:03:19.487328,
68,26,click,2026-06-06T00:38:19.487328,
68,15,view,2026-06-06T01:23:19.487328,
68,15,click,2026-06-06T01:28:19.487328,
68,30,search,2026-06-06T02:02:19.487328,giày chạy bộ giá tốt
68,28,click,2026-06-06T02:25:19.487328,
68,17,view,2026-06-06T02:35:19.487328,
68,23,click,2026-06-06T02:55:19.487328,
68,28,click,2026-06-06T03:14:19.487328,
68,27,view,2026-06-06T03:50:19.487328,
68,30,search,2026-06-06T04:40:19.487328,balo laptop chống nước
68,29,click,2026-06-06T05:25:19.487328,
68,16,view,2026-06-06T05:37:19.487328,
68,31,view,2026-06-06T05:56:19.487328,
68,5,view,2026-06-06T06:30:19.487328,
68,5,click,2026-06-06T07:08:19.487328,
68,28,view,2026-06-06T07:20:19.487328,
68,6,add_to_cart,2026-06-06T07:34:19.487328,
68,32,view,2026-06-06T08:14:19.487328,
68,16,add_to_cart,2026-06-06T08:50:19.487328,
68,28,view,2026-06-06T09:36:19.487328,
68,27,search,2026-06-06T10:22:19.487328,balo laptop chống nước
68,5,add_to_cart,2026-06-06T10:31:19.487328,
68,28,click,2026-06-06T11:16:19.487328,
68,32,click,2026-06-06T11:57:19.487328,
68,5,click,2026-06-06T12:41:19.487328,
68,32,add_to_cart,2026-06-06T13:30:19.487328,
68,32,click,2026-06-06T14:24:19.487328,
69,18,view,2026-06-06T02:24:19.487328,
69,19,search,2026-06-06T02:42:19.487328,sách lập trình dễ hiểu
69,17,view,2026-06-06T02:58:19.487328,
69,1,add_to_cart,2026-06-06T03:42:19.487328,
69,3,click,2026-06-06T04:12:19.487328,
69,19,click,2026-06-06T04:58:19.487328,
69,8,click,2026-06-06T05:24:19.487328,
69,19,view,2026-06-06T05:57:19.487328,
69,18,click,2026-06-06T06:48:19.487328,
69,7,click,2026-06-06T07:18:19.487328,
69,2,search,2026-06-06T07:42:19.487328,sách hệ thống phân tán
69,2,view,2026-06-06T08:30:19.487328,
69,8,click,2026-06-06T09:14:19.487328,
69,18,add_to_cart,2026-06-06T09:22:19.487328,
69,7,add_to_cart,2026-06-06T10:08:19.487328,
69,16,click,2026-06-06T10:14:19.487328,
69,8,click,2026-06-06T10:23:19.487328,
69,17,click,2026-06-06T11:08:19.487328,
69,19,click,2026-06-06T11:27:19.487328,
69,1,click,2026-06-06T11:37:19.487328,
69,8,add_to_cart,2026-06-06T11:51:19.487328,
69,1,view,2026-06-06T12:13:19.487328,
70,18,search,2026-06-05T21:18:19.487328,sách lập trình dễ hiểu
70,24,view,2026-06-05T21:32:19.487328,
70,19,view,2026-06-05T22:18:19.487328,
70,8,view,2026-06-05T22:46:19.487328,
70,2,click,2026-06-05T23:18:19.487328,
70,1,click,2026-06-05T23:59:19.487328,
70,2,view,2026-06-06T00:41:19.487328,
70,18,view,2026-06-06T01:27:19.487328,
70,19,view,2026-06-06T01:38:19.487328,
70,18,search,2026-06-06T02:25:19.487328,sách thuật toán cho sinh viên
70,1,view,2026-06-06T03:09:19.487328,
70,8,add_to_cart,2026-06-06T03:52:19.487328,
70,18,click,2026-06-06T04:04:19.487328,
70,8,click,2026-06-06T04:16:19.487328,
70,18,view,2026-06-06T04:49:19.487328,
70,8,view,2026-06-06T05:04:19.487328,
70,1,view,2026-06-06T05:10:19.487328,
70,8,click,2026-06-06T05:58:19.487328,
70,17,click,2026-06-06T06:48:19.487328,
70,7,click,2026-06-06T06:53:19.487328,
70,1,click,2026-06-06T07:42:19.487328,
70,19,view,2026-06-06T08:16:19.487328,
70,17,click,2026-06-06T08:46:19.487328,
70,8,view,2026-06-06T09:30:19.487328,
70,2,search,2026-06-06T10:12:19.487328,sách thuật toán cho sinh viên
70,8,view,2026-06-06T10:16:19.487328,
70,7,click,2026-06-06T10:41:19.487328,
70,1,view,2026-06-06T11:27:19.487328,
70,17,click,2026-06-06T12:15:19.487328,
70,5,click,2026-06-06T13:04:19.487328,
70,8,click,2026-06-06T13:50:19.487328,
70,18,search,2026-06-06T14:44:19.487328,sách thuật toán cho sinh viên
70,18,click,2026-06-06T15:31:19.487328,
70,19,view,2026-06-06T15:45:19.487328,
71,25,view,2026-06-05T21:51:19.487328,
71,10,add_to_cart,2026-06-05T22:16:19.487328,
71,24,add_to_cart,2026-06-05T22:21:19.487328,
71,20,view,2026-06-05T22:59:19.487328,
71,10,view,2026-06-05T23:52:19.487328,
71,24,add_to_cart,2026-06-06T00:12:19.487328,
71,6,view,2026-06-06T01:00:19.487328,
71,24,search,2026-06-06T01:32:19.487328,laptop giá rẻ học online
71,23,click,2026-06-06T02:27:19.487328,
71,20,view,2026-06-06T03:10:19.487328,
71,10,click,2026-06-06T03:23:19.487328,
71,4,click,2026-06-06T03:57:19.487328,
71,22,view,2026-06-06T04:23:19.487328,
71,25,search,2026-06-06T04:54:19.487328,laptop văn phòng pin trâu
71,23,click,2026-06-06T05:48:19.487328,
71,13,view,2026-06-06T05:56:19.487328,
71,10,click,2026-06-06T06:22:19.487328,
71,13,add_to_cart,2026-06-06T06:51:19.487328,
71,4,search,2026-06-06T07:23:19.487328,điện thoại pin khỏe
71,3,click,2026-06-06T07:27:19.487328,
71,20,click,2026-06-06T08:21:19.487328,
71,13,view,2026-06-06T08:44:19.487328,
71,4,view,2026-06-06T08:50:19.487328,
71,4,add_to_cart,2026-06-06T09:02:19.487328,
71,21,click,2026-06-06T09:56:19.487328,
71,10,view,2026-06-06T10:25:19.487328,
71,20,click,2026-06-06T10:47:19.487328,
71,13,add_to_cart,2026-06-06T10:50:19.487328,
71,10,view,2026-06-06T11:37:19.487328,
71,4,add_to_cart,2026-06-06T12:19:19.487328,
71,20,add_to_cart,2026-06-06T12:47:19.487328,
71,23,click,2026-06-06T13:14:19.487328,
71,24,search,2026-06-06T13:50:19.487328,điện thoại pin khỏe
71,25,view,2026-06-06T14:26:19.487328,
71,21,add_to_cart,2026-06-06T14:30:19.487328,
72,17,click,2026-06-06T01:10:19.487328,
72,1,click,2026-06-06T01:53:19.487328,
72,7,search,2026-06-06T02:37:19.487328,sách hệ thống phân tán
72,6,click,2026-06-06T02:40:19.487328,
72,2,search,2026-06-06T03:30:19.487328,sách hệ thống phân tán
72,1,add_to_cart,2026-06-06T04:07:19.487328,
72,2,click,2026-06-06T05:02:19.487328,
72,17,click,2026-06-06T05:29:19.487328,
72,17,click,2026-06-06T06:05:19.487328,
72,1,view,2026-06-06T06:37:19.487328,
72,18,view,2026-06-06T07:06:19.487328,
72,2,view,2026-06-06T07:39:19.487328,
72,1,view,2026-06-06T08:15:19.487328,
72,8,add_to_cart,2026-06-06T08:43:19.487328,
72,8,search,2026-06-06T09:30:19.487328,sách lập trình dễ hiểu
72,8,click,2026-06-06T09:42:19.487328,
72,7,search,2026-06-06T09:53:19.487328,sách lập trình dễ hiểu
72,2,view,2026-06-06T10:40:19.487328,
72,19,search,2026-06-06T10:53:19.487328,sách hệ thống phân tán
72,17,view,2026-06-06T11:22:19.487328,
72,17,click,2026-06-06T11:27:19.487328,
72,1,view,2026-06-06T11:53:19.487328,
72,19,view,2026-06-06T12:05:19.487328,
72,19,add_to_cart,2026-06-06T12:27:19.487328,
72,19,click,2026-06-06T12:37:19.487328,
72,8,click,2026-06-06T13:06:19.487328,
72,2,add_to_cart,2026-06-06T13:30:19.487328,
72,8,add_to_cart,2026-06-06T13:41:19.487328,
72,17,click,2026-06-06T14:26:19.487328,
72,8,add_to_cart,2026-06-06T14:34:19.487328,
72,3,click,2026-06-06T14:58:19.487328,
72,1,click,2026-06-06T15:29:19.487328,
72,1,click,2026-06-06T15:42:19.487328,
73,18,view,2026-06-06T02:41:19.487328,
73,7,click,2026-06-06T03:23:19.487328,
73,19,view,2026-06-06T03:59:19.487328,
73,19,click,2026-06-06T04:09:19.487328,
73,2,add_to_cart,2026-06-06T04:29:19.487328,
73,7,click,2026-06-06T05:09:19.487328,
73,1,view,2026-06-06T05:32:19.487328,
73,19,view,2026-06-06T05:36:19.487328,
73,19,view,2026-06-06T06:12:19.487328,
73,18,click,2026-06-06T06:21:19.487328,
73,19,add_to_cart,2026-06-06T06:40:19.487328,
73,2,search,2026-06-06T07:22:19.487328,sách lập trình dễ hiểu
73,8,view,2026-06-06T07:44:19.487328,
73,3,view,2026-06-06T08:07:19.487328,
73,7,view,2026-06-06T08:17:19.487328,
73,7,view,2026-06-06T08:57:19.487328,
73,17,search,2026-06-06T09:24:19.487328,sách thuật toán cho sinh viên
73,8,view,2026-06-06T10:02:19.487328,
73,17,view,2026-06-06T10:45:19.487328,
73,18,search,2026-06-06T11:23:19.487328,sách hệ thống phân tán
73,1,add_to_cart,2026-06-06T12:07:19.487328,
73,18,click,2026-06-06T12:50:19.487328,
73,18,click,2026-06-06T13:16:19.487328,
73,15,search,2026-06-06T13:53:19.487328,sách thuật toán cho sinh viên
73,1,view,2026-06-06T13:58:19.487328,
73,32,view,2026-06-06T14:40:19.487328,
73,7,search,2026-06-06T14:46:19.487328,sách thuật toán cho sinh viên
73,2,view,2026-06-06T15:32:19.487328,
73,19,click,2026-06-06T15:48:19.487328,
74,30,view,2026-06-05T21:38:19.487328,
74,26,click,2026-06-05T22:27:19.487328,
74,22,click,2026-06-05T22:43:19.487328,
74,5,search,2026-06-05T23:29:19.487328,áo thun cotton nam
74,22,view,2026-06-05T23:49:19.487328,
74,32,click,2026-06-06T00:05:19.487328,
74,13,view,2026-06-06T00:52:19.487328,
74,30,view,2026-06-06T01:25:19.487328,
74,16,click,2026-06-06T01:54:19.487328,
74,6,view,2026-06-06T02:45:19.487328,
74,6,view,2026-06-06T03:29:19.487328,
74,26,click,2026-06-06T04:00:19.487328,
74,5,click,2026-06-06T04:55:19.487328,
74,29,view,2026-06-06T04:58:19.487328,
74,28,view,2026-06-06T05:29:19.487328,
74,31,search,2026-06-06T06:15:19.487328,balo laptop chống nước
74,29,view,2026-06-06T06:58:19.487328,
74,16,search,2026-06-06T07:32:19.487328,balo laptop chống nước
74,6,click,2026-06-06T08:20:19.487328,
74,15,view,2026-06-06T08:48:19.487328,
74,5,view,2026-06-06T09:22:19.487328,
74,30,click,2026-06-06T10:01:19.487328,
75,29,view,2026-06-05T17:40:19.487328,
75,6,click,2026-06-05T18:16:19.487328,
75,15,search,2026-06-05T18:20:19.487328,balo laptop chống nước
75,32,click,2026-06-05T18:39:19.487328,
75,31,click,2026-06-05T19:09:19.487328,
75,24,click,2026-06-05T19:32:19.487328,
75,27,click,2026-06-05T19:42:19.487328,
75,26,add_to_cart,2026-06-05T20:18:19.487328,
75,29,click,2026-06-05T20:55:19.487328,
75,32,view,2026-06-05T21:19:19.487328,
75,31,view,2026-06-05T22:09:19.487328,
75,31,view,2026-06-05T22:27:19.487328,
75,26,click,2026-06-05T23:10:19.487328,
75,27,view,2026-06-06T00:04:19.487328,
75,27,view,2026-06-06T00:23:19.487328,
75,29,add_to_cart,2026-06-06T00:29:19.487328,
75,31,click,2026-06-06T01:21:19.487328,
75,32,click,2026-06-06T02:04:19.487328,
75,5,view,2026-06-06T02:09:19.487328,
75,14,add_to_cart,2026-06-06T02:16:19.487328,
75,32,click,2026-06-06T02:59:19.487328,
75,26,view,2026-06-06T03:37:19.487328,
75,14,click,2026-06-06T03:46:19.487328,
75,26,click,2026-06-06T04:39:19.487328,
76,25,click,2026-06-05T18:30:19.487328,
76,24,click,2026-06-05T19:02:19.487328,
76,9,view,2026-06-05T19:11:19.487328,
76,21,add_to_cart,2026-06-05T20:04:19.487328,
76,11,click,2026-06-05T20:29:19.487328,
76,25,view,2026-06-05T20:43:19.487328,
76,4,view,2026-06-05T20:54:19.487328,
76,10,view,2026-06-05T21:45:19.487328,
76,9,view,2026-06-05T22:37:19.487328,
76,16,view,2026-06-05T23:01:19.487328,
76,22,click,2026-06-05T23:41:19.487328,
76,22,add_to_cart,2026-06-06T00:16:19.487328,
76,24,click,2026-06-06T00:31:19.487328,
76,3,view,2026-06-06T00:55:19.487328,
76,9,click,2026-06-06T01:27:19.487328,
76,13,search,2026-06-06T02:06:19.487328,điện thoại pin khỏe
76,25,view,2026-06-06T02:19:19.487328,
76,22,view,2026-06-06T02:53:19.487328,
76,22,view,2026-06-06T03:40:19.487328,
76,22,click,2026-06-06T04:13:19.487328,
76,23,click,2026-06-06T05:07:19.487328,
76,24,search,2026-06-06T06:02:19.487328,điện thoại pin khỏe
76,11,click,2026-06-06T06:06:19.487328,
76,21,click,2026-06-06T06:21:19.487328,
76,21,search,2026-06-06T06:26:19.487328,laptop văn phòng pin trâu
76,20,add_to_cart,2026-06-06T06:43:19.487328,
76,21,view,2026-06-06T07:01:19.487328,
76,13,view,2026-06-06T07:10:19.487328,
76,22,add_to_cart,2026-06-06T07:54:19.487328,
76,10,add_to_cart,2026-06-06T08:20:19.487328,
76,23,add_to_cart,2026-06-06T09:02:19.487328,
76,3,view,2026-06-06T09:55:19.487328,
76,4,view,2026-06-06T10:21:19.487328,
77,29,view,2026-06-05T20:13:19.487328,
77,30,click,2026-06-05T20:19:19.487328,
77,29,search,2026-06-05T20:54:19.487328,balo laptop chống nước
77,15,add_to_cart,2026-06-05T21:02:19.487328,
77,15,add_to_cart,2026-06-05T21:29:19.487328,
77,15,view,2026-06-05T22:01:19.487328,
77,17,click,2026-06-05T22:48:19.487328,
77,14,click,2026-06-05T23:08:19.487328,
77,29,view,2026-06-05T23:52:19.487328,
77,26,add_to_cart,2026-06-06T00:23:19.487328,
77,28,view,2026-06-06T01:02:19.487328,
77,28,view,2026-06-06T01:40:19.487328,
77,32,click,2026-06-06T02:11:19.487328,
77,16,click,2026-06-06T02:43:19.487328,
77,16,click,2026-06-06T03:15:19.487328,
77,16,view,2026-06-06T03:38:19.487328,
77,31,view,2026-06-06T03:55:19.487328,
77,28,add_to_cart,2026-06-06T04:16:19.487328,
77,32,view,2026-06-06T04:33:19.487328,
77,27,view,2026-06-06T05:10:19.487328,
77,6,view,2026-06-06T05:29:19.487328,
78,21,click,2026-06-05T19:35:19.487328,
78,20,add_to_cart,2026-06-05T19:38:19.487328,
78,4,search,2026-06-05T20:06:19.487328,laptop giá rẻ học online
78,1,click,2026-06-05T20:39:19.487328,
78,11,add_to_cart,2026-06-05T20:51:19.487328,
78,11,click,2026-06-05T21:08:19.487328,
78,22,add_to_cart,2026-06-05T21:57:19.487328,
78,10,add_to_cart,2026-06-05T22:27:19.487328,
78,23,view,2026-06-05T22:31:19.487328,
78,4,search,2026-06-05T22:53:19.487328,điện thoại pin khỏe
78,13,view,2026-06-05T23:17:19.487328,
78,9,add_to_cart,2026-06-06T00:08:19.487328,
78,20,view,2026-06-06T01:01:19.487328,
78,9,click,2026-06-06T01:40:19.487328,
78,26,add_to_cart,2026-06-06T02:19:19.487328,
78,24,click,2026-06-06T02:26:19.487328,
78,21,click,2026-06-06T02:50:19.487328,
78,23,view,2026-06-06T02:58:19.487328,
78,24,add_to_cart,2026-06-06T03:03:19.487328,
78,4,view,2026-06-06T03:30:19.487328,
78,10,view,2026-06-06T04:06:19.487328,
78,13,view,2026-06-06T04:09:19.487328,
78,10,view,2026-06-06T04:37:19.487328,
78,22,click,2026-06-06T05:06:19.487328,
78,23,add_to_cart,2026-06-06T05:17:19.487328,
78,22,click,2026-06-06T05:58:19.487328,
79,19,view,2026-06-05T21:20:19.487328,
79,7,view,2026-06-05T22:15:19.487328,
79,19,add_to_cart,2026-06-05T22:39:19.487328,
79,8,view,2026-06-05T23:29:19.487328,
79,17,click,2026-06-05T23:54:19.487328,
79,18,click,2026-06-06T00:22:19.487328,
79,2,view,2026-06-06T00:51:19.487328,
79,27,click,2026-06-06T01:21:19.487328,
79,19,click,2026-06-06T02:08:19.487328,
79,2,add_to_cart,2026-06-06T02:26:19.487328,
79,18,click,2026-06-06T02:33:19.487328,
79,19,view,2026-06-06T03:07:19.487328,
79,1,view,2026-06-06T03:33:19.487328,
79,17,view,2026-06-06T04:25:19.487328,
79,19,click,2026-06-06T04:41:19.487328,
79,8,click,2026-06-06T05:24:19.487328,
79,8,click,2026-06-06T05:48:19.487328,
79,18,view,2026-06-06T05:53:19.487328,
79,8,click,2026-06-06T06:16:19.487328,
79,2,view,2026-06-06T06:23:19.487328,
79,1,view,2026-06-06T06:54:19.487328,
79,19,view,2026-06-06T07:07:19.487328,
79,8,view,2026-06-06T07:21:19.487328,
79,2,view,2026-06-06T07:34:19.487328,
79,18,view,2026-06-06T07:54:19.487328,
79,18,view,2026-06-06T08:42:19.487328,
79,1,click,2026-06-06T09:13:19.487328,
79,19,click,2026-06-06T09:49:19.487328,
79,7,click,2026-06-06T10:16:19.487328,
79,18,view,2026-06-06T10:19:19.487328,
79,19,view,2026-06-06T10:37:19.487328,
79,22,click,2026-06-06T10:41:19.487328,
79,18,view,2026-06-06T11:36:19.487328,
79,19,add_to_cart,2026-06-06T11:45:19.487328,
80,22,view,2026-06-05T19:08:19.487328,
80,13,view,2026-06-05T19:50:19.487328,
80,20,view,2026-06-05T20:00:19.487328,
80,25,view,2026-06-05T20:14:19.487328,
80,4,view,2026-06-05T20:41:19.487328,
80,25,view,2026-06-05T21:36:19.487328,
80,24,add_to_cart,2026-06-05T21:43:19.487328,
80,4,click,2026-06-05T22:31:19.487328,
80,13,view,2026-06-05T23:10:19.487328,
80,4,search,2026-06-05T23:33:19.487328,laptop văn phòng pin trâu
80,3,view,2026-06-05T23:57:19.487328,
80,24,search,2026-06-06T00:20:19.487328,điện thoại pin khỏe
80,13,click,2026-06-06T00:24:19.487328,
80,9,click,2026-06-06T00:59:19.487328,
80,9,search,2026-06-06T01:47:19.487328,laptop giá rẻ học online
80,22,view,2026-06-06T02:09:19.487328,
80,11,view,2026-06-06T02:51:19.487328,
80,4,view,2026-06-06T03:12:19.487328,
80,11,view,2026-06-06T03:17:19.487328,
80,25,add_to_cart,2026-06-06T04:07:19.487328,
80,21,add_to_cart,2026-06-06T04:43:19.487328,
80,25,add_to_cart,2026-06-06T05:00:19.487328,
80,3,search,2026-06-06T05:45:19.487328,laptop văn phòng pin trâu
80,25,add_to_cart,2026-06-06T06:26:19.487328,
80,23,add_to_cart,2026-06-06T06:33:19.487328,
80,10,view,2026-06-06T06:49:19.487328,
80,24,search,2026-06-06T07:42:19.487328,tai nghe bluetooth chống ồn
80,22,click,2026-06-06T08:31:19.487328,
80,21,click,2026-06-06T08:49:19.487328,
80,26,click,2026-06-06T09:10:19.487328,
80,23,add_to_cart,2026-06-06T09:30:19.487328,
80,3,click,2026-06-06T10:03:19.487328,
80,13,add_to_cart,2026-06-06T10:33:19.487328,
80,23,add_to_cart,2026-06-06T11:03:19.487328,
80,11,click,2026-06-06T11:41:19.487328,
80,9,click,2026-06-06T12:03:19.487328,
